,Count
s,1237264
film,754979
movie,739414
nt,645799
story,300295
good,233508
did,150858
time,131884
life,103135
people,100430
great,90560
characters,80810
character,67581
documentary,59784
watch,59663
love,56935
horror,52775
way,51262
family,49191
action,44006
two,41396
bad,36721
movies,34120
man,32435
make,32401
show,32375
comedy,31783
music,29028
world,28037
acting,27293
funny,26583
think,26098
fun,25056
films,24020
war,23629
plot,22264
real,21329
made,21061
black,20892
series,19923
end,19683
father,19420
women,19228
new,18614
scenes,18396
know,18325
mother,17859
best,17708
young,17143
animation,16879
scene,15768
kids,14925
original,14483
old,14480
director,13552
years,13172
cast,13085
book,12963
work,12758
feel,12520
woman,12276
things,12175
son,11906
m,11821
better,11805
daughter,11610
back,11475
true,11395
lot,11108
house,10709
art,10679
john,10176
school,10119
gay,9959
performance,9662
ve,9586
long,9510
ending,9372
michael,9363
white,9314
girl,9063
going,9011
slow,9000
actors,8804
children,8731
men,8731
interesting,8638
disney,8460
mary,8219
re,8163
season,8034
david,8020
ben,7912
thriller,7856
songs,7854
musical,7789
beautiful,7742
boy,7510
game,7422
tom,7391
episode,7370
watching,7219
history,7090
town,7084
dog,6957
peter,6902
say,6877
christmas,6754
adam,6556
wife,6528
robert,6527
couple,6499
dark,6494
drama,6440
cage,6419
footage,6343
band,6227
king,6205
bit,6137
marvel,6085
human,6083
charlie,6080
three,6066
space,6058
stories,6045
french,6011
home,5951
animated,5907
drug,5847
child,5788
night,5785
killer,5756
political,5755
parents,5697
chinese,5610
part,5610
james,5497
death,5444
social,5423
smith,5402
girls,5399
sequel,5390
police,5388
sam,5384
jack,5302
sex,5219
song,5194
kevin,5092
paul,5072
guy,5035
2,5035
american,5006
queen,5000
rock,4913
media,4891
felt,4811
relationship,4782
minutes,4737
grace,4636
netflix,4629
sci,4596
lucy,4564
friends,4502
fi,4477
sarah,4476
daniel,4466
anna,4460
richard,4376
pretty,4326
joe,4310
german,4297
lee,4272
sound,4260
version,4212
jim,4208
hart,4174
brothers,4134
play,4054
voice,4044
mark,4039
based,4035
liam,4029
dogs,4017
emma,3984
simon,3977
british,3974
anderson,3958
zombie,3956
star,3946
fight,3896
anime,3883
emily,3880
boys,3861
jones,3851
big,3839
high,3829
rogers,3827
de,3822
japanese,3813
island,3812
main,3805
dead,3786
franchise,3780
alex,3778
russian,3765
alice,3744
episodes,3729
henry,3725
husband,3724
spy,3678
western,3671
china,3607
park,3604
overuse,3564
fbi,3517
ruth,3510
williams,3472
ted,3462
baby,3427
chris,3417
thomas,3405
fan,3386
tony,3377
animals,3377
neeson,3299
rose,3289
spider,3287
jennifer,3282
car,3279
mystery,3244
script,3241
irish,3237
cinema,3228
four,3220
money,3219
group,3213
crime,3177
sister,3173
heist,3138
ca,3132
frank,3131
hollywood,3077
tv,3036
sandler,3023
trump,3022
elizabeth,3017
bruce,3008
dance,3003
jokes,2988
kate,2971
body,2964
santa,2962
evil,2958
murder,2955
take,2950
read,2949
point,2930
train,2924
christian,2920
phoenix,2905
cohen,2905
different,2900
revenge,2900
brother,2887
anne,2885
mental,2884
team,2867
moments,2864
boring,2860
food,2850
violence,2845
teen,2839
screen,2832
city,2802
age,2793
dragon,2778
x,2763
robin,2753
bill,2749
artist,2747
festival,2746
halloween,2740
novel,2726
moon,2725
steve,2719
road,2712
mccarthy,2708
hard,2701
driver,2698
romantic,2698
johnny,2684
cooper,2669
makes,2662
alien,2654
leonard,2646
la,2643
message,2625
jane,2616
lives,2612
eastwood,2611
jesus,2610
bond,2609
earth,2602
church,2600
actor,2598
live,2593
stewart,2579
kid,2570
metal,2562
anthony,2551
half,2544
bob,2533
johnson,2523
hanks,2513
rachel,2509
julia,2507
paris,2504
nick,2501
oscar,2494
country,2490
foster,2482
times,2470
al,2457
helen,2450
actually,2447
scares,2442
judy,2430
pete,2422
amy,2415
sandra,2408
jean,2407
serial,2400
indian,2394
harry,2377
sisters,2349
fred,2336
mr,2336
mcu,2317
keaton,2311
cgi,2298
tyler,2294
sonic,2289
wilson,2287
green,2285
role,2264
aretha,2261
twist,2237
blood,2230
wahlberg,2230
ryan,2227
interviews,2224
stone,2222
soldiers,2220
society,2219
games,2206
jr,2203
style,2200
small,2199
red,2199
romance,2193
shows,2179
claire,2176
find,2174
welles,2174
books,2171
thing,2163
kelly,2162
pope,2161
weird,2160
prison,2156
company,2152
korean,2149
downey,2147
sean,2146
come,2141
ghost,2138
coming,2138
matt,2135
justice,2131
camp,2111
military,2111
power,2109
freddie,2107
performances,2106
jackson,2098
battle,2095
football,2087
job,2084
ron,2083
herzog,2083
fans,2082
marie,2068
holmes,2067
fantasy,2066
washington,2064
depp,2059
bundy,2059
russell,2059
short,2058
solo,2048
olivia,2043
drew,2043
hawke,2036
reynolds,2036
witch,2034
werewolf,2033
francis,2031
truth,2030
teacher,2028
faith,2019
career,2019
place,2010
news,2008
pixar,2008
bank,1997
taylor,1993
billie,1983
tammy,1978
ethan,1975
thompson,1971
summer,1966
hotel,1965
shot,1961
andrew,1954
female,1954
zombies,1949
argento,1948
god,1946
hall,1941
doll,1939
diana,1937
scream,1934
mel,1934
agent,1932
brown,1931
brian,1928
kristen,1928
birds,1928
president,1927
dad,1923
friend,1921
kidman,1921
trip,1912
del,1906
loved,1899
nicolas,1897
historical,1896
tina,1889
law,1884
van,1882
ip,1870
aliens,1869
detective,1866
sherlock,1866
person,1866
london,1865
culture,1861
florence,1860
wood,1860
israeli,1854
effects,1850
cult,1849
bale,1849
maggie,1848
woody,1846
remake,1846
horse,1845
mission,1844
spielberg,1840
slasher,1839
dylan,1839
gucci,1833
amanda,1832
jackie,1831
system,1831
billy,1829
lawrence,1820
pandemic,1820
dr,1819
water,1813
venom,1813
ray,1813
sparks,1810
amazing,1809
gibson,1797
whitney,1789
sophie,1785
italian,1783
industry,1778
wes,1776
scott,1776
melissa,1775
cop,1774
lansky,1773
morris,1773
monsters,1766
hitler,1764
laura,1760
israel,1756
kubrick,1747
cinematography,1747
phil,1747
second,1739
eddie,1735
affleck,1733
lu,1727
abortion,1726
nature,1725
adventure,1724
dialogue,1724
south,1724
mike,1722
done,1721
patrick,1721
scary,1717
jenkins,1713
stage,1713
past,1711
class,1711
fire,1710
jason,1709
george,1709
clint,1704
elle,1699
diane,1698
jordan,1692
future,1683
margot,1677
gold,1673
got,1673
owen,1672
die,1669
maria,1669
iran,1666
cave,1661
hunter,1660
robbie,1658
wrestling,1657
cow,1656
allen,1655
army,1654
friendship,1649
cumberbatch,1646
rescue,1646
roberts,1637
lady,1634
france,1632
texas,1628
lily,1627
annie,1627
stephen,1625
natalie,1623
tennis,1622
understand,1621
holland,1618
miles,1615
jamie,1613
tim,1613
america,1605
portman,1604
fanning,1604
sea,1603
right,1595
martin,1594
tarantino,1592
clara,1591
found,1590
hand,1589
chemistry,1587
fantastic,1583
science,1581
india,1574
bee,1573
look,1572
swinton,1571
kennedy,1568
community,1568
judge,1567
college,1566
uncle,1565
actress,1564
video,1558
juliet,1555
budget,1554
guys,1551
butler,1550
su,1550
addiction,1550
knight,1550
robot,1548
vincent,1548
ana,1546
dementia,1544
thought,1544
devil,1543
lost,1539
ed,1539
bullock,1537
caine,1532
lead,1531
edward,1520
craig,1518
neil,1515
deadpool,1512
case,1512
mcenroe,1507
jump,1504
sense,1504
gaga,1500
wars,1497
gloria,1495
vietnam,1494
soderbergh,1494
harris,1483
jesse,1482
jewish,1478
wish,1476
manson,1476
rabbit,1476
street,1476
farm,1474
jong,1473
joaquin,1472
english,1470
nicole,1464
reviews,1460
holiday,1458
sports,1457
tucker,1457
marion,1453
theron,1452
sexual,1452
events,1450
camera,1448
jake,1448
vampire,1446
margaret,1446
naomi,1442
opera,1441
hank,1439
kit,1438
broadway,1437
armstrong,1434
state,1432
chef,1432
set,1429
hemsworth,1426
gyllenhaal,1425
sitting,1425
mafia,1425
give,1424
dafoe,1422
tilda,1419
farhadi,1417
kurt,1414
jessica,1412
elvis,1410
bardem,1409
louis,1408
trial,1407
conjuring,1407
lizzie,1401
ball,1395
maud,1392
rich,1391
played,1391
davis,1390
mexican,1389
maleficent,1387
climbing,1384
wain,1383
master,1382
soviet,1381
desi,1380
beast,1378
christopher,1377
hospital,1376
fox,1371
lucas,1368
elephant,1365
alicia,1365
franklin,1364
edgar,1364
drugs,1363
joy,1363
nina,1360
puppets,1360
berlin,1360
court,1359
banks,1358
internet,1358
wilde,1358
party,1357
religious,1357
marianne,1355
illness,1352
leto,1349
puppet,1346
pop,1345
cheney,1344
gore,1344
lake,1344
gun,1343
cohn,1343
quiet,1342
belle,1341
plaza,1340
rom,1339
spencer,1337
foy,1337
regina,1337
redford,1336
gets,1335
colin,1333
shakespeare,1329
rush,1329
making,1328
dream,1325
porn,1324
stalin,1321
gorbachev,1320
basketball,1318
shaun,1316
hardy,1315
toy,1311
wild,1310
gilliam,1309
reality,1306
von,1306
gary,1306
boss,1306
ronan,1301
no√©,1300
charles,1299
twists,1295
moore,1295
roy,1293
government,1293
beach,1292
boat,1291
bloom,1287
grillo,1285
priest,1284
freeman,1284
iraq,1283
wright,1281
sheep,1279
trier,1278
undine,1276
purge,1275
mercury,1275
pugh,1275
lego,1273
dreams,1272
chastain,1270
germany,1266
mexico,1265
watson,1261
ginsburg,1260
vaughn,1259
pig,1258
prequel,1258
oren,1253
potter,1253
vitali,1249
wedding,1248
blanchett,1248
russia,1247
sharks,1247
beasts,1246
jackman,1242
predator,1241
rob,1241
phone,1239
pike,1236
evan,1235
malcolm,1235
village,1233
bridget,1232
sharon,1231
knightley,1226
nazi,1226
violet,1225
joel,1225
room,1221
mapplethorpe,1221
humans,1221
agnes,1219
morgan,1216
nice,1216
plane,1214
creature,1213
filipino,1213
martial,1213
watts,1212
prey,1211
building,1209
crew,1209
denzel,1208
animal,1208
mcgregor,1205
clarke,1205
travel,1204
mckay,1204
dwayne,1204
aubrey,1204
ellie,1200
bourdain,1200
koreeda,1197
mia,1196
strange,1196
politics,1196
katie,1196
hill,1195
batman,1195
super,1192
rick,1192
patel,1185
enola,1184
suicide,1184
west,1183
celeste,1181
3,1180
ahmed,1180
magic,1176
spike,1174
ralph,1173
deutch,1173
clooney,1172
peele,1172
brittany,1170
fashion,1167
nighy,1166
third,1166
jay,1166
fiction,1165
soul,1164
event,1163
chan,1161
pacino,1160
elba,1160
elton,1158
blind,1155
mulligan,1155
monster,1151
kingsley,1149
chloe,1149
escape,1149
joan,1148
ford,1148
name,1147
lara,1145
don,1144
han,1143
bannon,1140
captain,1139
crowe,1135
cruz,1135
hours,1134
romanian,1133
murders,1130
concert,1129
hoffman,1126
seberg,1126
doc,1125
land,1125
gees,1122
border,1119
vic,1118
gigi,1117
bird,1116
collins,1115
leo,1108
side,1108
stu,1108
run,1108
sorkin,1106
believe,1105
djinn,1105
giacometti,1104
luke,1104
fiennes,1102
hae,1102
mayor,1100
n,1095
oasis,1094
bodies,1094
race,1092
candyman,1092
malek,1092
ma,1092
pearl,1089
low,1089
free,1088
ferrell,1084
happened,1084
heart,1083
wang,1082
roth,1082
abuse,1081
disaster,1079
cancer,1079
idris,1078
theo,1076
self,1075
michelle,1074
lloyd,1074
reddy,1072
mars,1072
luck,1072
jude,1072
faye,1072
sure,1067
holocaust,1067
molly,1067
dick,1065
larson,1064
help,1063
el,1063
singing,1063
stand,1061
dave,1060
godzilla,1060
wick,1054
borden,1054
bar,1054
biopic,1051
mcqueen,1050
hugh,1050
howard,1050
borg,1048
mara,1047
maurice,1046
julie,1044
underwater,1044
dc,1041
ali,1040
kya,1040
coogan,1039
berg,1038
rylance,1037
donkey,1037
brie,1037
stop,1036
cummings,1036
pegg,1035
punk,1033
secrets,1033
oil,1030
ballet,1030
lord,1030
jeff,1028
isaac,1028
lou,1027
byrne,1027
josh,1026
top,1025
leon,1024
tate,1024
benedict,1023
doctor,1023
branagh,1022
bull,1022
humor,1022
hannah,1021
walter,1021
nancy,1020
piece,1017
gnomes,1013
nurse,1013
field,1012
fonda,1011
beauty,1010
gosling,1010
ship,1007
shark,1006
lydia,1006
tag,1005
garfield,1004
nico,1003
audience,1003
abby,1002
playmobil,1000
league,998
miss,997
karen,997
portrait,996
gogh,995
bell,995
garland,994
toro,994
statham,993
duvall,993
woodstock,992
superhero,992
subject,991
springsteen,990
hero,989
days,988
penguins,987
ollie,985
crosby,984
jerry,983
dumbledore,982
scorsese,980
pasolini,980
richardson,979
donald,978
halston,978
godard,976
jolie,975
hostage,975
poppins,974
virginia,974
hell,974
storm,974
fact,972
anat,972
bowie,971
palestinian,970
capone,969
costner,967
disease,967
petzold,966
buckley,966
dumbo,965
motion,962
justin,961
franco,961
enjoyed,961
victims,960
dench,960
j,958
ritchie,956
jurassic,956
westerns,956
blunt,955
emotional,954
miller,953
boseman,952
quixote,952
virtual,951
powers,948
maradona,948
air,946
change,946
act,945
mcavoy,944
catherine,944
mikkelsen,943
ai,943
carey,942
elephants,941
stanley,940
spongebob,938
level,938
lin,938
gaspar,937
scotty,937
davidson,936
cate,935
miranda,935
lucky,933
vikander,933
ireland,933
jazz,932
rockwell,932
haley,932
issues,931
lucille,931
efron,926
grindelwald,926
marcel,925
colman,925
left,923
project,923
beatles,920
spirit,920
macbeth,919
grass,918
travolta,918
hedges,916
baldwin,914
becky,913
terminator,912
lewis,912
male,912
missing,910
glass,909
wolf,908
australian,908
marriage,908
final,907
barry,906
curie,906
farrell,905
tree,904
six,903
suzi,903
rosie,902
st,901
business,901
data,900
armas,900
ocean,900
moose,900
abigail,900
susan,899
creepy,899
mi,898
ruben,898
album,898
nun,897
journey,897
cecilia,897
pokemon,896
jewell,895
carrey,895
matrix,894
survival,893
valerie,892
refugees,892
dora,891
moss,891
greta,890
waves,890
skateboarding,889
hamm,888
nozomi,888
veronica,888
finnish,887
spanish,887
wakanda,886
willis,886
pitt,885
patrizia,884
leda,884
dinosaurs,883
singapore,883
marx,882
sopranos,882
hopkins,881
experience,880
jonathan,879
sassoon,879
superman,879
writer,878
moe,876
nate,874
zhang,874
lazzaro,874
polish,874
astrid,874
blake,872
cat,871
almodovar,870
shia,870
naoufel,870
jimmy,869
orson,869
jan,868
studio,868
henson,867
mads,867
frances,867
store,864
scrooge,864
rbg,864
milla,864
aaron,863
villain,863
nutcracker,862
houston,860
perry,856
trying,855
eli,855
keith,853
dale,853
painting,851
indigenous,848
sadie,848
snow,847
andy,847
diego,845
megan,845
annette,845
patrol,843
colette,842
hathaway,841
emilia,841
jonah,841
rogen,841
firth,841
bella,840
tale,840
eyes,840
perlman,840
reichardt,839
apollo,838
rita,838
argentina,837
mind,837
comic,836
verhoeven,836
weaver,834
willem,834
prisoners,833
buck,833
marilyn,832
charlize,831
danish,831
rodriguez,831
bay,831
stunts,830
eichmann,829
chapter,829
racing,829
caroline,827
annabelle,827
climb,826
alana,826
moreno,825
ferrara,824
duncan,824
monroe,823
escobar,822
jo,821
litter,820
denis,819
kong,819
kun,816
kane,816
banderas,816
idea,815
kenney,815
autistic,814
stars,814
conversion,814
leslie,813
seasons,813
katherine,813
hudson,812
fighting,812
jimmie,812
12,811
oh,811
rrr,810
hour,810
danny,810
ross,810
radcliffe,810
accent,810
campaign,809
5,809
sutherland,809
pavarotti,808
gawain,808
rice,807
harvey,807
saint,806
century,806
paranormal,805
sleep,804
victor,804
dupieux,803
care,803
giallo,801
daughters,801
covid,801
gerard,801
dragons,801
bohemian,800
pets,800
todd,798
elements,797
luce,797
charlotte,797
6,795
wwe,795
rights,795
eva,795
harriet,794
le,794
saudi,793
hampton,793
chicago,793
universe,792
enjoy,791
riseborough,791
pedro,790
gretel,790
harper,790
riz,789
hidden,787
redmayne,787
un,786
kitchen,786
janney,785
boeing,785
tower,784
general,784
lowery,784
finch,782
samuel,781
york,781
deaf,781
curtis,781
talking,781
away,780
showgirls,780
fast,780
tolkien,780
pratt,779
fame,779
early,778
hunt,777
benedetta,776
thieves,775
widow,772
lopez,771
harley,770
apartment,770
yoav,768
kill,768
chicken,768
paige,768
happytime,768
austen,767
picture,766
bush,766
ruby,765
haddish,764
geoffrey,763
rambo,762
dolan,762
shailene,762
refn,760
rhapsody,760
paradise,760
yang,760
mirren,759
momoa,759
max,759
cold,758
gemma,758
wonderland,758
period,757
violent,757
harbour,756
respect,754
sway,754
astronaut,754
thor,754
stranger,753
sr,753
nathan,752
vice,752
hair,752
running,752
franky,751
christoph,751
blue,751
brolin,751
90s,751
maya,751
amber,750
slim,749
hope,749
paula,748
hiccup,748
playing,747
families,747
que,747
dawn,746
keira,746
roman,745
religion,745
balloon,744
shadow,744
schrader,742
cookie,741
jared,741
anya,741
mckenzie,741
snake,740
delphine,740
sellers,740
damon,740
peep,740
tessa,739
chazelle,739
pizza,738
wenders,738
buster,737
lisa,737
student,737
singer,737
llorona,736
tully,736
sicario,736
pain,736
maurizio,735
woodley,735
call,735
edison,735
winstead,734
thunder,734
poland,733
chi,732
classic,732
grandmother,732
lulu,732
dano,731
adams,731
garner,731
bayou,731
close,730
resident,730
helms,730
rebel,729
submarine,729
cho,728
colvin,727
chaplin,727
catholic,727
jeanette,726
predictable,726
joanna,724
tami,724
conflict,724
cats,723
famine,723
panther,723
v,722
deke,722
african,722
cops,721
moretz,721
lesbian,721
looking,721
drive,721
seth,720
bumblebee,720
mank,720
perfect,720
crowhurst,720
flatley,720
ellis,719
anthology,718
mitchell,715
weisz,715
horses,715
clips,714
jackass,713
vhs,713
pooh,713
forrest,713
manuel,713
k,712
zendaya,711
palmer,711
cute,711
donovan,710
penguin,709
swank,709
dinklage,709
fonny,708
weaving,707
stupid,706
july,706
toothless,706
ghibli,706
tesla,706
hate,705
pattinson,704
mob,704
matthias,703
4,703
niro,703
rapace,703
madagascar,702
com,702
therapy,702
norwegian,702
hole,701
fungi,701
pregnant,701
hayek,701
7,701
trans,699
reilly,699
talent,699
murphy,699
quinn,698
georg,697
vivo,697
uncharted,697
woods,696
rami,696
immigration,696
gnomeo,695
brain,695
patients,695
william,694
workers,694
eisenberg,694
louise,692
cia,691
turner,690
darby,690
gleeson,688
d,688
moonlight,688
hunting,687
coen,687
lebanon,687
slave,687
kingsman,686
zoey,686
menu,686
ada,686
duke,686
l√©o,685
h,685
hallmark,684
writing,684
antonio,684
brooks,683
health,683
administration,683
zoe,682
cliff,682
joseph,681
musicals,680
l,680
eurovision,680
arthur,680
moby,680
ll,680
clare,679
keanu,679
celine,678
rudd,677
luna,677
noir,677
beale,676
stuart,674
agatha,673
rural,672
depression,671
e,671
marc,670
dakota,670
brydon,670
slender,670
adult,669
memories,668
schoenaerts,668
sara,668
light,668
mercy,666
911,666
simple,664
incredibles,664
important,664
brazil,661
zac,661
rocks,660
punch,660
shannon,659
allison,659
grant,657
leigh,657
garden,656
single,656
noomi,655
lane,654
shaw,654
force,654
hearing,654
brand,654
insult,653
assassin,653
alec,652
personal,652
kersey,652
lanthimos,652
andre,652
isis,651
trilogy,650
special,650
virgil,650
noise,649
patti,648
francisco,648
hirsch,648
cruise,648
gap,648
sofia,647
restaurant,646
august,646
debt,646
angela,646
marshall,645
numbers,645
disco,645
moses,645
t√°r,644
colombia,643
norma,643
alberto,643
doug,642
union,642
journalist,642
aardman,642
nolan,640
leclerc,640
isle,640
whale,640
midnight,639
romania,639
creatures,639
private,638
marlo,638
favourite,637
jeremy,637
kills,637
raya,636
native,636
parker,636
citizen,636
spurlock,636
puss,636
selena,635
aurora,634
tar,634
robbins,633
hurricane,632
delorean,632
clark,631
corruption,630
dune,630
dickie,630
neumann,629
feels,628
san,628
lebanese,628
arts,627
training,627
golf,626
gang,626
cena,626
b,626
oxygen,626
shop,625
alithea,624
barrymore,624
pikachu,624
carol,624
bo,624
bees,623
activity,623
cloverfield,622
izzy,621
selma,621
link,621
jon,621
strickland,621
g,620
cardin,620
hansel,620
hallelujah,620
chess,620
ugly,619
uta,618
bonnie,618
vigilante,617
yes,616
shawn,616
nai,616
frankie,616
harrelson,615
syria,615
coach,615
awkwafina,615
spall,615
wishes,614
carell,614
dodd,613
cows,613
arnaz,613
classical,613
eric,613
alcohol,613
ferrari,613
vita,612
poor,610
vampires,610
julianne,610
clown,610
kaluuya,609
nba,609
daisy,608
cooke,608
magdalene,608
farmers,608
heroes,608
lauren,608
gunn,608
tomorrow,607
flitcroft,607
television,606
sigourney,606
sterling,604
xavier,604
dictator,604
noe,602
satanic,602
willy,602
melinda,601
snyder,601
quaid,601
saoirse,601
beirut,600
medieval,600
medak,600
brendan,600
wrong,600
exorcism,600
terrorist,600
silent,599
dornan,599
national,598
vegas,598
odenkirk,598
clerks,598
wives,597
tell,596
franz,596
riley,596
newton,595
trolls,595
creed,594
swimming,594
elisabeth,594
purcell,594
open,594
baker,593
living,593
togo,593
language,593
zain,592
racism,592
civil,592
dutch,592
pablo,592
fly,592
ailes,592
happy,591
almod√≥var,591
boots,591
sunday,591
shults,590
guns,590
alexander,590
jockey,589
vivian,589
mickey,589
silver,589
iranian,589
fall,588
production,587
satire,587
boyfriend,587
laurel,585
joker,585
jenny,585
schumer,585
krypto,584
andrea,584
samaritan,584
honka,583
ozon,583
lindgren,583
bader,582
taraji,581
wendy,581
wework,581
reed,581
giuseppe,581
finding,580
propaganda,580
lux,580
guide,580
las,580
aniston,580
debut,580
goldin,580
angelina,579
dolittle,579
downton,578
definitely,578
aladdin,577
professor,577
farmer,577
nureyev,576
percy,576
dickens,575
da,575
robertson,575
grey,575
kendrick,575
poe,575
haim,574
photograph,574
ice,574
sheehan,574
jakob,574
bands,573
factory,573
heard,572
christ,572
grandma,571
renee,571
felicity,571
eiffel,570
tiffany,570
brady,569
situation,568
linda,568
paintings,567
huppert,567
souls,567
stan,567
cartel,566
attack,566
ernesto,566
chomko,566
apatow,566
fear,565
keep,565
working,565
dean,565
korea,565
autism,564
milk,564
player,564
incredible,563
heights,562
ned,562
millie,562
italy,562
editor,562
segment,560
misumi,560
lightyear,560
zach,560
hunters,560
dovlatov,560
werner,560
sylvie,560
timoner,559
travis,559
biggie,557
ivan,557
connie,557
transformers,557
planet,557
reeves,556
obama,556
cyrano,555
liz,555
mcadams,555
skyscraper,555
gangster,554
kang,554
hawk,554
ghosts,553
weldon,553
burt,553
vinnie,552
beer,552
rapayet,552
neighborhood,552
computer,550
pfeiffer,550
dennis,550
bacon,550
99,549
britney,549
endgame,548
hong,548
klaus,548
sinead,547
hamilton,547
rocky,546
aniara,546
ratner,546
window,545
heigl,545
zola,545
8,545
thomasin,544
invisible,544
score,544
icelandic,544
cousins,543
mirai,543
june,542
baseball,542
attica,542
u,542
judas,542
farming,541
twin,541
zeke,541
hilarious,541
cartoon,541
technology,541
shelley,540
steven,540
rabin,540
dicaprio,540
tish,540
edwards,540
haunted,539
luca,539
hostages,538
africa,537
trailer,537
psychological,536
australia,535
tennant,535
rahim,535
lars,535
wonder,535
jlo,534
fest,534
siegfried,534
pine,533
ryder,533
umma,533
madeline,532
wolff,531
marine,531
alexis,531
alma,531
foxx,531
wonderful,531
plummer,531
fury,530
toller,530
lamb,530
paw,529
garcia,529
flynn,528
holly,528
knives,527
rainey,527
earl,526
transit,526
bautista,526
scandal,526
kayla,525
underground,524
toys,524
leave,523
station,523
lucien,523
curse,522
vonnegut,521
q,521
columbus,521
survivor,521
bunuel,520
melanie,520
carole,520
loznitsa,520
supreme,520
platform,520
becks,520
pick,520
information,520
mikolasek,520
nic,520
possession,520
stanfield,518
waltz,518
elmer,518
brazilian,518
mutants,518
mule,518
mermaid,517
brad,517
laurie,517
lena,516
quatro,516
cured,516
gotti,516
oldman,516
artists,515
crisis,515
zone,515
knoxville,514
nat,514
vince,514
onoda,514
players,513
rory,513
public,513
dumb,513
operation,512
edna,512
stubby,512
strangers,511
fletch,511
harrison,510
stallone,510
vivarium,510
evans,510
paddington,510
jodie,508
childhood,508
cotillard,507
cole,507
sergio,507
squad,507
online,506
ewan,506
1984,506
vfw,505
z,505
gru,504
andie,504
fabelmans,504
soprano,504
sierra,504
copperfield,504
streep,504
protagonist,503
batra,502
journalists,502
putin,502
wave,502
enid,501
pearson,501
genie,501
genre,501
erin,501
lakeith,501
fairy,500
khan,500
nan,500
fauci,500
zack,499
face,499
pesci,498
af,498
lion,498
five,498
election,497
rike,497
ann,497
chamberlain,497
lebowski,496
honey,496
actresses,496
thousand,496
collette,496
eleanor,496
judi,496
recording,496
pasha,495
apocalypse,495
suzu,495
lsd,494
esther,493
dancing,493
hoffa,493
haft,493
renner,493
alejandro,493
c,493
kunis,492
keitel,492
stevens,492
crazy,492
hee,492
thanos,492
divers,491
leah,491
1,491
rap,491
companies,490
narration,490
dev,490
psycho,489
issa,489
warner,488
gina,488
breaking,487
salma,487
bae,486
belushi,486
graham,486
quentin,485
johansson,485
taliban,485
weinstein,485
tubman,485
frankenstein,485
georgian,484
quell,484
massacre,484
groundhog,484
mason,482
miracle,482
stockholm,482
worth,482
courtroom,481
roger,481
kat,480
maid,480
assassination,480
hogg,480
mackie,480
mackenzie,480
aster,479
seyfried,479
jagger,478
vortex,478
cavill,478
guernsey,477
glaisher,477
crimes,477
dancer,477
toni,476
thai,476
rajamouli,476
shane,476
process,476
hawkins,476
mcconaughey,476
angels,476
toby,475
autumn,475
volcanoes,475
gemini,475
labeouf,475
pepe,474
gillan,473
laugh,473
theater,472
kathy,472
jessie,472
report,472
poet,472
auden,471
octavia,471
candy,471
literary,471
anton,470
eo,470
sad,469
firestarter,469
angel,468
pierce,468
chalamet,468
onward,468
strong,468
christie,467
eden,467
era,467
parsons,467
asghar,466
critic,466
brosnan,466
tyree,466
laika,466
cuban,465
isabelle,464
forever,464
poverty,464
quarry,464
simmons,463
faraday,463
zak,463
roles,463
oliver,462
secret,462
automat,462
cartels,461
words,460
donbass,460
speer,460
empress,460
feet,459
post,459
callas,459
belfast,459
sidney,459
omar,459
namor,458
narrative,458
oneal,458
democracy,458
virus,458
weight,458
mom,457
mandy,457
roma,457
ceo,457
talk,457
clyde,457
artemis,456
sheila,456
ari,456
fei,456
mortuary,456
wuhan,455
levinson,455
mohawk,454
imelda,454
bibi,454
infinity,453
sun,453
sasha,452
hilary,452
stephanie,452
hale,452
duchovny,452
sparrow,452
tchalla,452
japan,451
realms,451
fallen,451
clifford,450
sounds,450
atli,450
winchester,450
engels,450
dickinson,450
asylum,450
dario,450
penelope,449
carlson,449
casey,449
campbell,449
hatidze,448
comes,448
wo,448
turturro,448
robotnik,448
chase,447
naked,446
schizophrenia,446
mila,446
cronenberg,446
malick,445
kaisen,444
50,444
jujutsu,444
lowry,444
rent,444
ezra,444
terrifier,443
goodman,443
pie,443
newt,442
burning,442
loop,442
born,442
corbet,442
kingdom,442
casi,441
murray,441
sweeney,441
fallout,441
golding,441
bear,441
bjorn,441
redgrave,440
smallfoot,440
andra,440
hurdes,440
author,440
iris,440
arkansas,440
walken,439
styx,439
dion,439
granik,439
kay,438
tomb,438
concept,438
yip,438
myers,437
broadbent,437
ptsd,437
guardians,437
plemons,436
club,436
modern,436
koy,436
lola,436
werewolves,436
legend,435
goreman,435
it¬¥s,435
lodge,435
saraya,435
billi,434
tapes,434
trade,434
thornton,434
asians,433
austin,433
smiths,433
ukraine,432
gohan,432
squirrel,432
styles,432
jojo,432
shades,432
service,432
alison,432
bobby,432
criminal,431
crocodile,431
profile,431
arctic,431
bacurau,431
sissy,430
varg,430
walls,430
javier,430
wolves,429
ends,429
edgerton,429
pierre,429
kravitz,428
wayuu,427
comedies,427
fish,427
johanna,427
brody,427
list,427
1917,427
wallace,426
avengers,426
betty,425
p,425
conductor,425
burn,425
wealth,424
janis,424
fu,424
noah,424
marathon,423
americans,422
android,422
struggles,422
blair,421
waste,421
reitman,421
pryce,421
reem,420
construction,420
edie,420
kirby,420
es,420
varda,420
f,420
circus,420
georgia,420
fincher,420
cale,420
grinch,420
ashe,420
euronymous,420
cranston,420
carnage,420
cinderella,419
eye,419
gray,419
polka,419
debicki,419
tenet,419
dax,419
wildlife,419
yeti,419
ridder,418
qualley,418
sue,418
mortensen,418
rhiannon,417
ramsay,417
timothy,417
bridges,417
burton,416
key,416
merab,416
danni,415
famous,415
velvet,415
violin,414
diesel,414
otto,414
neighbor,414
novak,414
basis,414
lithgow,414
pennywise,414
vin,414
excellent,414
karl,414
kimi,413
cody,413
bailey,413
flanagan,412
gunda,412
crow,412
pascal,412
forest,412
vanessa,411
eternal,411
iya,411
mute,411
pam,411
victim,410
cameron,410
buzz,410
30,410
program,409
milo,409
unabomber,409
fritz,409
lawyer,409
lively,409
thailand,409
balzac,408
lyle,408
minions,408
segel,408
painted,408
shining,408
leanne,408
critics,407
yankovic,407
figueras,407
slate,407
krieps,407
dominic,407
goth,406
clone,406
braveheart,406
industrial,406
mysterio,406
rifkin,406
stratton,406
salinger,406
boxing,405
ones,404
twitter,404
corey,404
start,404
twins,403
aldo,403
liu,403
hauser,403
80s,403
policy,402
kowalski,402
shigemori,402
goes,402
sibyl,401
sparma,401
climax,401
ferguson,401
dress,401
chadwick,401
duplass,400
52,400
hu,400
nomi,400
nevena,400
leary,400
chela,400
yigal,400
elise,400
huda,400
vox,400
prodigy,400
elliot,400
kenny,400
val,399
spain,399
raiff,399
sebastian,399
parody,399
accused,399
sweet,399
lions,398
10,398
chun,398
soho,398
study,397
meyer,397
lewan,397
mister,397
leatherface,397
employees,396
remain,396
drag,396
encanto,396
hellboy,396
cee,396
baumbach,395
conspiracy,395
levels,395
niece,394
bardo,394
shanks,393
dyrholm,393
hittman,393
mustang,393
tomlin,393
vinterberg,392
farewell,392
frida,392
abominable,392
gibb,392
editing,392
firefighter,392
midway,392
princess,391
gabrielle,391
lampoon,391
luc,391
dillon,390
ally,390
dovidl,390
generation,390
deanna,390
fraser,390
oregon,390
buscetta,390
saul,390
undocumented,389
temple,389
runner,389
kung,388
cam,388
camille,388
dana,388
adrift,387
poehler,387
mortimer,386
nursing,386
problem,386
kinnear,386
compartment,386
berry,386
colonel,386
benson,385
rogowski,385
sicilian,385
searching,385
slavery,385
us,384
affair,384
collection,384
stevenson,384
potato,384
easter,384
alpinist,384
tess,383
cable,383
sorry,383
ridley,383
matteo,383
brahms,382
bala,382
robbery,382
carrie,382
rebecca,381
sky,381
austyn,380
box,380
gainsbourg,380
flarsky,380
whales,380
reiner,380
masao,380
cal,380
jews,380
shall,380
gottlieb,380
carter,380
title,379
fate,379
dig,379
lapid,378
matilda,378
busan,378
passage,378
rowling,378
macdowell,378
samara,378
masha,377
souza,377
safety,376
pal,376
fyre,376
dior,375
flora,374
oconnor,374
yi,374
graver,374
trust,374
goldfinch,373
morales,373
unique,372
infected,372
monos,372
heisenberg,372
mendes,372
wally,371
mad,371
farmiga,371
ii,371
heavy,370
deer,370
letters,370
reformed,370
lemercier,370
goreng,370
built,370
ms,370
ava,370
kapadia,369
goggins,369
tape,369
claflin,369
wildling,369
sawyer,369
directed,369
longing,368
sevigny,368
flashbacks,368
cities,367
atmosphere,367
segments,367
scotland,367
aline,367
tailor,367
zama,366
delhi,366
rings,366
hutchence,366
knuckles,366
dan,365
kinnaman,365
merchant,365
bomb,364
yasser,364
emmerich,364
harlem,364
shell,363
uma,363
miguel,363
endless,363
wine,363
mona,362
borat,362
sullivan,362
told,361
abbott,361
mine,361
westinghouse,361
eat,361
bin,360
imaginary,360
minding,360
benicio,360
yuta,360
gone,360
aftermath,360
ronstadt,360
promare,360
cruella,360
villeneuve,360
ady,360
cellar,360
bryan,360
clear,360
sackler,360
welsh,360
hampstead,359
josie,359
barbarian,359
collective,359
flight,358
stevie,358
bookshop,358
manga,358
tyrel,358
hereditary,357
carax,357
absolutely,356
takes,356
bubble,356
vacation,356
mma,356
mrs,356
dancers,355
minari,355
oxenbould,355
beth,355
finale,355
t2,354
arnold,354
ascension,354
harder,354
duel,354
sammy,354
lisbeth,354
katia,353
greyeyes,353
arc,353
east,353
calvin,353
hit,353
jfk,352
villains,352
childs,352
giant,352
asia,352
mushrooms,352
abbie,352
akimbo,352
illusions,351
halla,351
iphone,351
winona,351
word,351
nora,351
gellar,351
mick,350
cursed,350
nanny,350
dames,350
skin,350
scenery,350
bart,350
warren,349
cash,349
treasure,349
fiona,349
terry,348
commuter,348
tatum,348
proposal,348
stella,347
bang,346
gomez,346
mindy,345
blache,345
dating,345
shimmer,345
falcone,344
annihilation,344
taken,344
truffle,344
kumail,344
wiig,344
outfit,344
clock,344
soldado,344
orphan,344
kursk,344
outlaw,343
censor,343
assisi,343
neon,343
ricci,343
fishburne,342
laosi,342
hogancamp,342
greenfield,342
bloodshot,342
booksmart,342
marwen,342
kafuku,342
record,342
epstein,341
piercing,341
majors,341
teens,341
tall,340
costa,340
scarlett,340
wiseman,340
seoul,340
foo,340
obayashi,340
witches,340
cannes,339
chevy,339
natasha,339
prince,339
brownstein,339
hobbs,338
rosamund,338
baxter,338
kathleen,338
sally,338
broomfield,338
surfing,338
emmett,338
napoli,337
publishing,337
orchestra,337
vengeance,337
judith,337
ballas,337
penn,336
relic,336
empire,336
shinkai,336
orlando,336
puzzle,336
plague,336
shirley,336
salvador,336
sadness,336
hancock,336
widows,336
sama,336
bullet,336
feeney,336
magaro,336
mankiewicz,336
poem,336
wrinkles,335
melling,335
staten,335
piccolo,335
gilbert,335
mcdormand,334
cowboy,334
brock,334
suspense,334
ashton,334
diaz,334
poker,334
cooking,334
viola,334
kenneth,334
residents,334
ant,334
lovecraft,333
pawlikowski,333
relationships,333
dolio,333
plays,332
dee,332
genocide,332
cut,332
dinner,332
cassidy,332
tigers,332
giselle,332
brandon,332
wheel,331
halle,331
invasion,331
gambling,331
overall,331
christians,331
drake,331
maron,330
laurent,330
scooby,330
croc,330
mamie,330
noel,330
davies,330
ritesh,330
identity,330
python,329
tommaso,329
stalker,328
husbands,328
experiment,328
choices,328
especially,328
birdy,328
lynsey,328
pakistani,328
viggo,328
chickens,328
akin,327
satan,327
thief,327
zombi,327
honnold,326
whitaker,326
moonshot,326
hitman,326
called,325
transylvania,325
atkinson,325
senior,325
awful,325
bathroom,324
maverick,324
chaperone,324
taiwanese,324
ghostbusters,324
poppy,324
yusra,324
references,324
gentrification,324
robinson,324
souvenir,324
hearts,324
qiao,324
gourmet,324
awe,324
cassie,324
maren,324
christs,323
loach,323
rangers,323
boyega,323
scientific,323
tick,323
hollow,323
blink,323
cassius,323
ang,322
passengers,322
lucia,322
jeffrey,322
viking,322
donuts,322
bunker,322
visuals,321
rosemary,321
waiting,321
resort,321
tucci,321
i√±√°rritu,321
trapped,321
doueiri,320
riots,320
contest,320
lover,320
2020,320
imagined,320
monkey,320
burial,320
lil,320
nation,320
syndrome,320
ghostface,320
arabia,320
stokes,320
bradley,320
buscemi,320
faris,319
macho,319
marry,319
ulysses,319
pearce,319
thorne,319
kyrie,319
abbey,318
polley,318
shyamalan,318
sri,318
sing,318
possessed,318
bergman,318
zhao,318
54,318
bakker,318
kaczynski,318
arquette,317
larry,316
meg,316
dennehy,315
infinite,315
shaky,315
unholy,315
stray,314
bowers,314
bielenia,314
chiwetel,314
emile,314
dreyfus,314
krasinski,314
benny,314
mauritanian,314
soundtrack,314
powerful,313
raccoon,313
ready,313
orphans,313
blach√©,313
winnie,312
chekhov,312
bitzer,312
bronson,312
skarsgard,312
barb,312
northman,312
liza,312
dracula,311
carlos,311
friday,311
roland,311
erotic,311
greg,311
odowd,311
hustlers,311
nikolai,311
kruger,310
dalton,310
cletus,310
implants,310
mile,310
dispatch,310
galaxy,310
fighters,310
zaida,310
gallego,310
suspiria,310
members,309
bathtubs,309
lynn,309
legal,309
guards,309
medical,308
sonata,308
¬∑,308
eilish,308
pok√©mon,308
course,308
peace,308
norway,308
jacques,308
roads,307
flux,307
florida,307
venice,307
crystal,307
acts,307
kajillionaire,307
slash,306
destiny,306
weide,306
moltisanti,306
yelena,306
alek,306
yonatan,306
sadler,306
viper,306
zemeckis,306
vicky,306
oleg,306
labaki,306
dreamworks,305
creative,305
dolls,305
freedom,305
timmy,305
wasikowska,305
shock,304
romano,304
bomer,304
assistant,304
bullying,304
nine,304
nyman,304
tipton,304
hawley,304
sir,303
beans,303
pastor,303
hot,303
puerto,303
copshop,303
marta,303
ebo,302
moonfall,302
volleyball,301
zeller,301
sudeikis,301
yeah,301
frost,301
soldier,301
blazing,301
swedish,301
bening,301
raft,300
mikhail,300
accident,300
fake,300
tornatore,300
convent,300
amsterdam,300
marona,300
javed,300
shrek,300
feinberg,300
rufus,300
telling,300
radioactive,300
gump,300
chiquita,300
femi,300
marcos,300
inu,300
sissi,300
poly,300
hammer,300
abel,299
tinja,299
rampage,299
luffy,299
lelio,299
hbo,299
surrogate,299
jules,298
woolf,298
rusty,298
today,298
nemo,298
yakuza,298
alcoholic,298
breath,298
chechnya,297
raider,297
skipper,297
konstantin,297
tehran,297
guerra,296
conrad,296
moment,296
zoom,296
debney,296
marsh,296
noblezada,296
iii,296
seagull,296
trace,295
sienna,295
hansen,295
fever,295
freaky,295
ginsberg,294
warden,294
sully,294
scare,294
woodard,294
mountain,294
peninsula,294
vidal,294
fails,294
naquet,294
trek,294
mills,294
mulan,294
weathering,294
mcgovern,294
shang,293
massive,293
offer,293
fatman,293
prospect,293
dieter,293
miloni,293
greece,293
magda,293
malhotra,293
premature,292
noelle,292
cup,292
mael,292
nfl,292
knew,292
jexi,291
lebrun,291
greengrass,291
slaves,291
broker,291
bigfoot,291
kline,291
brea,291
puppy,290
iceland,290
goodfellas,290
flanigan,289
museum,289
hatter,289
dujardin,289
chip,288
barbara,288
clancy,288
barney,288
having,288
reboot,288
rooney,288
glasses,288
insidious,288
ex,288
cusack,288
disciples,288
minka,288
cargo,288
andresen,288
cleo,288
drinking,288
filmmaker,287
rabbits,287
refugee,287
bottom,287
jacket,287
disenchanted,287
truly,287
web,287
reporters,286
amusement,286
hawaii,286
deb,286
control,286
hawaiian,286
oyelowo,286
kin,286
alligators,285
swan,285
realistic,285
sheen,285
cornwall,285
junior,285
magistrate,285
athena,285
friedkin,284
sando,284
pixie,284
pill,284
warehouse,284
dern,284
card,284
equalizer,283
tales,283
na,283
demonic,283
edmond,283
zombieland,283
claus,283
morosini,282
review,282
simulation,282
criminals,282
pageant,282
singularity,282
electrical,282
maiden,282
manchester,282
scottish,282
edith,282
burns,281
mohamedou,281
eggert,281
came,281
turning,281
zula,281
triangle,281
timberlake,281
butt,281
errol,280
beaton,280
images,280
fatima,280
hugo,280
vienna,280
mckinnon,280
january,280
queer,280
bonneville,280
mosquito,280
started,280
estrella,280
django,280
marla,280
forte,280
skiles,280
chatwin,280
cook,279
says,279
ki,279
levee,279
rosa,279
saloon,279
siegel,279
jarmusch,278
miners,278
traditional,278
amir,278
tide,278
patty,278
mole,278
twilight,278
chesil,278
boris,277
supernatural,277
ishii,277
knows,277
nawazuddin,277
trond,277
lies,277
mimi,277
adrienne,277
amelia,277
sanya,277
spacek,276
chelsea,276
middle,276
jungle,276
gretchen,276
rodeo,276
villages,276
abyss,276
attention,276
honor,276
nanjiani,276
boyle,276
morbius,276
romans,276
earthquake,275
kirk,275
wander,275
settlers,275
dassler,275
monaghan,275
elderly,275
osullivan,274
rosaline,274
danielle,274
pippi,274
mennonite,274
monty,274
manville,273
chaganty,273
capitan,273
prostitute,273
bunny,273
johannes,272
angus,272
oda,272
tove,272
epic,272
psychedelics,272
paulson,272
aids,272
mccall,271
awake,271
bloods,271
winner,271
cryptozoo,271
hammarskj√∂ld,270
mib,270
greville,270
ida,270
durst,270
line,270
yonder,270
pikelet,270
kurzel,270
na√Øma,270
aamir,270
platt,270
debbie,270
coleman,270
sergey,270
amin,270
voodoo,270
newark,270
rae,269
haiti,269
philip,269
trafficking,269
workaholics,269
jillian,268
sydney,268
leaders,268
press,268
iannucci,268
bbc,268
gremlin,268
memory,268
welcome,268
fisherman,268
croft,267
donut,267
ian,267
wu,267
lebron,267
slumberland,267
sharad,266
peterloo,266
crying,266
irishman,266
ondi,266
scots,266
england,266
zizka,266
clouds,266
misha,265
channing,265
tallahassee,265
spies,265
jovovich,265
clive,265
immigrant,265
landor,265
baldvin,264
everett,264
current,264
berenice,264
jam,264
producer,264
finn,264
fuhrman,264
mack,264
navalny,264
decent,264
waad,264
lindsay,264
gallery,264
amulet,263
mcmillian,263
cloud,263
crawl,263
manager,263
meat,263
hester,263
mighty,263
engines,263
touching,262
valentine,262
guida,262
represents,262
slahi,262
tatiana,262
paco,262
paradox,262
robots,261
diamantino,260
11,260
puppies,260
char,260
fiddler,260
giraffes,260
caro,260
relaxer,260
yoli,260
jasmine,260
carla,260
morgue,260
influencers,260
mayhem,260
photography,260
siddiqui,260
capitol,260
skylar,260
adaptation,260
murakami,259
teller,259
vanellope,259
dhanush,259
golden,258
austria,258
horrible,258
walt,258
afghanistan,258
norman,258
kurosawa,258
mo,258
powell,258
leap,258
hamaguchi,258
jumanji,257
eggers,257
senator,257
ehrenreich,257
sheeran,257
schweigh√∂fer,257
drover,257
rarely,257
lancaster,257
fair,257
beats,257
bones,257
rooms,257
assault,257
cm,256
eternity,256
roadrunner,256
gate,256
hamlet,256
titane,256
cars,256
kutcher,256
teeth,256
filmed,256
aeronauts,256
spears,255
sauvage,255
egerton,255
winger,255
blaze,255
claes,255
yesterday,255
attorney,255
dominion,255
haemi,255
gilda,255
hodge,255
baalsrud,255
poetry,255
chaos,255
desert,254
bollywood,254
sexuality,254
hydra,254
bergen,254
bartosz,254
dolly,254
outback,254
babyteeth,254
egg,254
christi,253
slaughterhouse,253
sy,253
wan,253
hiroshima,253
gerrymandering,253
corpus,253
krige,253
royal,253
maja,253
lili,252
kent,252
audiard,252
callahan,252
sirens,252
dolemite,252
injury,252
ortega,252
dunbar,252
gems,252
orthodox,252
vada,252
22,252
passing,252
greenland,252
swimmers,252
adonis,252
merricat,251
mistress,251
wanted,251
vlad,251
yuen,251
loren,251
foot,251
louder,250
deerskin,250
guadagnino,250
vera,250
wiktor,250
lori,250
marguerite,250
latin,250
tin,249
bing,249
majeure,249
kristin,249
terence,249
vikar,249
sabrina,249
staunton,249
inmates,249
epps,248
watcher,248
megyn,248
burstyn,248
mabel,248
dirty,248
poirot,247
martha,247
furious,247
ellen,247
trine,247
colony,247
collectors,247
choir,247
interview,247
marksman,247
ella,247
mockumentary,246
rey,246
annoying,246
zellweger,246
clean,246
dambrine,246
1930,246
erskine,246
libby,246
donna,246
nominee,246
slappy,246
vore,245
honk,245
zhou,245
palestinians,245
mothers,245
sia,245
elsa,244
raid,244
neve,244
officer,244
chronicles,244
rome,244
izzard,244
grandpa,244
quake,244
impossible,244
inga,244
khrushchev,243
sport,243
yellow,243
carmichael,243
kerry,243
orphanage,243
neighbours,242
arterton,242
imagine,242
chance,242
despite,242
terrorists,242
¬ª,242
glove,242
adults,242
endre,242
supermassive,241
spiderman,241
bogdanovich,241
midsommar,241
inarritu,241
1br,240
ukrainian,240
minjong,240
block,240
alden,240
wind,240
dell,240
non,240
itzhak,240
freud,240
fireball,240
cambridge,240
nitram,240
esparza,240
schwarzenegger,240
üëé,240
üèª,240
guatemalan,240
cry,240
mama,240
weed,240
erivo,240
afghan,240
wendell,240
sciamma,240
flower,240
clement,240
attacks,240
marcus,240
maman,240
addams,240
driss,240
sliding,240
ronit,240
doors,240
embassy,239
merlin,239
irons,239
klan,239
barr,239
toronto,239
falun,238
myth,238
safdie,238
uncut,238
dinosaur,238
spectre,238
ticket,238
multiverse,238
arvin,238
queens,238
balvin,238
dirt,238
shelby,238
reckoning,238
mercado,238
ram,237
wimbledon,237
charan,237
dorothy,237
mortal,237
madonna,237
sturgess,237
innocents,236
1973,236
clemmons,236
malkin,236
beanpole,236
atwater,236
deku,236
shooting,236
darkly,236
soleil,235
mermaids,235
kansas,235
canyon,235
bateman,235
nostra,235
weidel,234
fanatic,234
adolph,234
hutch,234
robyn,234
meryl,234
romero,234
jcvd,234
doo,234
mcfarland,234
corporate,234
riddler,234
persuasion,234
connor,234
aunt,234
abe,233
musk,233
dickey,233
enchanted,233
cyborg,233
bodyguard,233
satoko,233
wichita,233
nelly,232
elijah,232
r√©mi,232
piglets,232
astra,232
oconnell,232
ad,232
equality,232
minds,232
kai,232
feast,232
late,232
nicaragua,231
cuties,231
lyonne,231
purpose,230
rear,230
pool,230
wayans,230
raw,230
lionel,230
barden,230
championship,230
wade,230
wall,230
snakes,230
berlusconi,229
pups,229
teenagers,229
eve,229
messiah,229
dhont,229
odessa,229
honeydew,229
scanlan,229
mirabel,228
elf,228
nelson,228
strokes,228
phillip,228
rim,228
underdog,228
charley,228
daddario,228
smart,228
gabriel,228
aleppo,228
catcher,228
guantanamo,228
augie,227
dust,227
skating,227
allyson,227
addict,227
georges,227
paper,226
cullen,226
pigs,226
safe,226
wayland,226
rohrwacher,226
johnathan,226
¬´,226
designer,226
tigertail,226
niko,226
kazan,226
hailee,226
skunk,225
maddie,225
munich,225
spice,225
lea,225
saturday,225
dov,225
ten,225
agents,225
chappaquiddick,225
paddleton,224
hunnam,224
floyd,224
roskam,224
weave,224
gatsby,224
gerry,224
questlove,224
harold,224
harrigan,224
flip,224
locke,224
indie,224
gabby,224
aldridge,224
basil,224
gnome,224
bilel,224
cowboys,224
clemency,224
spree,224
ashes,223
barbarians,223
hartnett,223
drea,223
anning,223
anon,223
vaccaro,223
premise,222
sword,222
valjean,222
monday,222
columbo,222
flying,222
airbus,222
chester,222
funeral,222
daddy,222
lifetime,222
bahubali,221
gong,221
andersson,221
chainsaw,221
breaks,221
pesce,221
rossi,221
mccreadie,221
explorer,220
rodin,220
petty,220
o,220
cunningham,220
monrovia,220
venus,220
yongsoo,220
search,220
montana,220
guo,220
meteorites,220
nikolaj,220
perspective,220
coster,220
gus,220
klint,220
completely,220
dame,220
patience,220
veijo,220
psammead,220
guez,220
lovebirds,220
capri,220
opioid,220
evangeline,220
graves,220
rioters,220
jaeger,220
fishing,219
yeoh,219
longstocking,219
argentine,219
cp,219
12th,219
bernadette,218
hawkes,218
favino,218
cosa,218
ken,218
oslo,218
vast,218
sid,218
cait,218
lawson,218
fishermen,218
constance,217
ophelia,217
sinha,217
raise,217
esti,217
kindergarten,217
iliza,217
folkins,217
oka,217
parasite,217
romeo,217
tap,217
hosoda,217
gugu,217
yu,217
warrens,217
worker,217
skate,217
pursuit,216
kogonada,216
mixer,216
voices,216
islamic,216
shlomo,216
weekend,216
clothes,216
damme,216
tails,216
pacific,216
shaft,216
blockers,216
scientists,216
prom,216
buttigieg,216
gilroy,216
rudy,216
stallworth,215
losers,215
inheritance,215
fewer,215
vr,215
sims,215
copley,215
playground,215
capital,215
wald,215
caleb,215
upgrade,215
sophia,215
sorrentino,214
ihlen,214
torres,214
maps,214
million,214
sheridan,214
andrews,213
invitation,213
conditions,213
grief,213
bong,213
torture,213
ramsey,213
tomaz,212
least,212
athletes,212
lewy,212
poser,212
buddy,212
alabama,212
ziad,212
entertaining,212
county,212
evidence,211
seven,211
dairy,211
downhill,211
bingo,211
promising,211
enquirer,211
herbig,211
visconti,211
confidence,211
bunton,211
triplets,210
keery,210
commentary,210
neptune,210
mont,210
madeleine,210
ema,210
moorhead,210
irene,210
rothe,210
plowright,210
alfre,210
simone,210
1969,210
noye,210
susie,210
kapoor,210
waititi,210
polar,210
bombay,210
mahershala,210
vesper,210
susanne,210
reputation,210
corden,210
brosnahan,210
earwig,210
soap,210
hunted,210
taron,210
comet,209
gael,209
buffaloed,209
naples,209
cryptids,209
brando,209
droid,209
trawler,209
minty,209
regime,209
celebrity,209
evelyn,209
amc,209
killed,208
valene,208
mmm,208
brugger,208
guthrie,208
pro,208
local,208
rza,208
elves,208
rolls,208
identical,208
dystopian,208
lancashire,208
tye,208
gators,208
wwii,208
gam,208
migo,208
juneteenth,208
emancipation,207
property,207
thandiwe,207
kidd,207
domestic,207
asian,207
jonas,207
canon,207
videos,207
barn,206
troop,206
inception,206
1968,206
cocaine,206
wandering,206
sim√≥n,206
shift,206
bridge,206
fessenden,206
superior,205
railway,205
kodachrome,205
mcdowell,205
hands,205
offseason,205
conservatorship,205
bernard,204
bheem,204
jedi,204
tan,204
bentley,204
gentlemen,204
eternals,204
devine,204
hearst,204
jandreau,204
brine,204
inherit,204
jamal,204
shoplifters,204
starr,204
intruder,204
bosses,204
bea,204
app,204
celebrities,204
eco,204
horgan,203
qu,203
aditya,203
apartheid,203
memoria,203
depraved,203
vogt,202
spelling,202
rostand,202
letterman,202
superbad,202
wrath,202
conroy,202
motherhood,202
nile,202
beckett,202
bolger,202
wicker,202
winter,202
rowing,202
trank,202
irving,201
derek,201
gudnason,201
powley,201
neill,201
mommy,201
moffie,201
bandit,201
devotion,201
kites,201
hamburg,201
peel,200
waldau,200
serena,200
alba,200
c√©line,200
sorrows,200
creation,200
jamaica,200
foulkes,200
move,200
luis,200
i,200
kaiser,200
failure,200
halftime,200
buybust,200
enzo,200
marinelli,200
library,200
mosquitos,200
term,200
gitai,200
oppenheimer,200
officers,200
soo,200
aja,200
nuclear,200
extraordinary,200
rowe,200
saleem,200
psychic,200
teague,200
howie,200
ismael,200
cote,200
brun,200
charcoal,200
undertaker,200
santiago,200
couch,200
winslet,200
price,200
basco,200
fruit,200
rhea,200
bakugo,200
names,200
poitras,200
filmmakers,199
sarnoski,199
luciano,199
rocketman,199
mcbride,199
brightburn,199
fakir,199
huston,199
transgender,199
dear,199
recommend,199
ljoha,199
expect,199
bisbee,198
les,198
nicholas,198
couples,198
yimou,198
beginning,198
mcewan,198
mellors,198
north,198
carl,198
storyline,198
wolfwalkers,198
lgbtq,198
chad,198
amish,198
theys,198
ultra,198
trigger,198
inuit,198
tahar,198
gender,198
greene,197
madea,197
lodgers,197
jesper,197
fisher,197
jigsaw,197
voter,197
chon,196
grandson,196
sponge,196
ould,196
shoes,196
lino,196
extraction,196
ike,196
heads,196
baltimore,196
jarecki,195
olga,195
lanka,195
mowgli,195
loki,195
merritt,195
mum,195
writers,195
mothering,194
resurrections,194
truffles,194
dupont,194
ideas,194
mobile,194
disciple,194
stasi,194
driveways,193
grohl,193
quirky,193
√∂stlund,193
unsane,193
anger,193
highway,193
lockdown,193
students,193
boom,193
darkest,192
tonnerre,192
cherry,192
buzzsaw,192
chickie,192
dunst,192
melita,192
norwood,192
cookson,192
legacy,192
mallo,192
enjoyable,192
mining,192
goosebumps,192
glen,192
dunne,192
policeman,192
rosen,192
tamil,192
xiao,192
watched,192
jenna,192
bol,192
hedgehog,192
climate,192
avalanche,192
sgt,192
keda,192
synonyms,192
fid√®le,192
1961,192
hundred,191
alexia,191
acre,191
girlfriend,191
spectrum,191
problems,191
relatives,190
fischer,190
documentaries,190
shim,190
pat,190
leather,190
royale,190
enn,190
evergarden,190
stern,190
bettany,190
windfall,190
katrina,190
honest,190
searcher,189
visions,189
nasties,189
hamer,189
insight,189
algar,189
aisha,189
todos,189
atkins,188
deadwyler,188
steinfeld,188
24,188
jonny,188
siren,188
aquaman,188
cabin,188
stefani,188
laptop,188
nations,188
rachael,188
united,188
balagov,188
chambermaid,187
segan,187
bennett,187
christina,187
cluzet,187
yaya,187
size,187
inxs,187
ronnie,187
vanguard,187
luma,187
kusama,187
patton,187
bhutan,186
butter,186
entebbe,186
emmanuel,186
bone,186
unicorn,186
dilemma,186
forgive,186
tragedy,186
mans,186
canadian,186
clermont,186
tupac,186
apparition,186
icon,186
recap,185
chen,185
network,185
shay,185
jhansi,185
seppala,185
voting,185
stenberg,185
colton,185
liv,185
alan,185
fifty,184
giants,184
petite,184
productions,184
kiera,184
ordinary,184
arias,184
hubbard,184
bloody,184
beckinsale,184
kopechne,184
verse,184
denny,184
bernie,184
philadelphia,183
economic,183
rapping,183
ferns,183
ramona,183
gaston,182
costumes,182
kidney,182
bookstore,182
resolution,182
surf,182
aboriginal,182
mima,182
qiu,182
rani,182
spiderhead,182
victoria,182
radu,182
bernadine,182
tokyo,182
bali,182
campos,182
tour,181
duff,181
15,181
walkers,181
directors,181
linklater,181
latina,181
tasya,181
mid90s,181
roof,180
witness,180
schlossberg,180
pier,180
paolo,180
herman,180
clotilda,180
occupation,180
naima,180
salon,180
marvelous,180
exit,180
thyme,180
candidate,180
desperate,180
yud,180
divorce,180
translator,180
number,180
dedicated,180
ishmael,180
dinnocenzo,180
bobbi,180
viswanathan,180
mantzoukas,180
places,180
cuar√≥n,180
blackley,180
pirate,180
tea,180
garrel,180
mayfair,180
emanuel,180
clearly,180
blow,180
jeunet,180
mikey,180
aronofsky,180
arrakis,180
indiana,180
bosnia,180
pay,180
abrahamson,180
phoebe,180
clemons,180
harcourt,180
aronsohn,180
singaporean,180
lok,180
stefan,180
andrei,180
aeterna,180
soft,180
kilmer,180
wanda,179
machine,179
daryl,179
match,179
zahler,179
studi,179
paws,179
richie,179
lincoln,178
greed,178
lana,178
canada,178
boiling,178
levi,178
contestants,178
thurman,178
rotten,178
enyedi,178
whishaw,178
dovid,178
aoi,177
fresh,177
apocalyptic,177
clinch,177
virtuoso,177
1892,177
blindfolded,177
clemson,177
somalia,177
ridiculous,176
glasgow,176
sting,176
younger,176
cochlear,176
adrian,176
bosworth,176
paradis,176
malky,176
swim,176
deakins,176
goku,176
chuck,176
alligator,176
climber,176
maye,176
goonies,176
experiences,176
1941,176
ohana,176
jaa,175
theory,175
district,175
jaeden,175
suit,175
defendants,175
hunger,175
atlantic,175
hervey,175
stanbridge,175
disguise,175
frozen,175
magpie,175
burr,175
begos,175
nielsen,175
stem,175
rider,174
education,174
fowl,174
jenn,174
success,174
1988,174
aussie,174
suppression,174
teenager,174
jamaican,174
gon,174
orleans,174
mcgee,174
croods,174
offerman,174
smollett,174
dhaka,173
rowan,173
knebworth,173
2017,173
naru,173
lonely,173
ho,173
vee,173
bean,173
colson,172
audrey,172
duo,172
kath,172
oswalt,172
rdj,172
clapton,172
demon,172
abilities,172
sequels,172
leguizamo,171
controversial,171
swiss,171
robber,171
usnavi,171
mckellen,171
joey,171
salam,171
hirokazu,171
sailors,171
saviano,171
racial,171
photos,171
happens,171
visual,171
koepp,170
heather,170
took,170
roe,170
spring,170
walsh,170
luhrmann,170
stones,170
zegler,170
snoop,170
conley,170
min,170
manning,170
pilot,170
expected,170
gig,170
meagan,170
baz,170
meyers,170
afraid,170
gabi,170
seance,170
irina,170
singh,170
manikarnika,170
swallow,170
account,170
pelican,170
gorilla,170
okuno,169
katharine,169
schnabel,169
beharie,169
traitor,169
gere,169
theme,169
gringo,169
official,169
peppermint,169
minamata,169
duhamel,169
bother,168
seghers,168
gamora,168
senna,168
betsey,168
row,168
skarsg√•rd,168
rex,168
boutella,168
scruggs,168
byron,168
kaling,168
overlord,168
forky,168
homeless,168
letter,168
daly,168
jai,168
banning,168
lillis,168
painter,168
shiva,168
shootings,168
koral,168
users,168
vitalina,168
lighthouse,168
nash,168
healthy,168
cherie,168
sifu,168
boone,168
downstairs,167
sarandon,167
parent,167
lorelei,167
rules,167
antlers,167
mississippi,167
danced,167
spade,166
wreck,166
pages,166
faces,166
ting,166
straight,166
reagan,166
raghu,166
tournament,166
balram,166
filmworker,166
focus,166
farrands,166
minghella,166
neo,166
utopia,165
philosophy,165
euridice,165
elliott,165
zed,165
summering,165
freegard,165
brogan,165
felice,165
tristan,165
loss,165
brick,165
wrinkle,164
worked,164
infant,164
tiger,164
opening,164
vote,164
wretched,164
muslim,164
moondog,164
virgin,164
ketchum,164
kim,164
cynthia,164
hildy,164
eron,163
rhys,163
mlk,163
hold,163
abusive,163
ponsoldt,163
jacob,163
makeup,163
bhise,163
illegal,163
scoundrels,163
donnybrook,163
try,163
aleem,163
puzzles,162
finneas,162
ivenko,162
taiwan,162
beastie,162
test,162
exarchopoulos,162
eighth,162
mardini,162
feature,162
mossad,162
sari,162
sod,162
rupert,162
voyagers,162
bryant,162
avatar,162
villa,162
klara,162
nesher,162
courier,162
alain,162
reba,161
broly,161
sheriff,161
birth,161
weboy,161
monologues,161
leningrad,161
intimacy,161
involved,161
coward,160
sharpton,160
bu√±uel,160
harbor,160
chicano,160
‚≠ê,160
branch,160
budapest,160
gregg,160
panahi,160
difficult,160
yeo,160
campion,160
dre,160
loneliest,160
compares,160
separatist,160
petrov,160
dharma,160
flu,160
twohey,160
kantor,160
bag,160
miya,160
rial,160
vrchat,160
maryam,160
perkins,160
scrap,160
bath,160
mariana,160
barkan,160
leads,160
honeyland,160
vietnamese,160
adopted,160
academy,160
schilling,160
austrian,160
bustamante,160
slacker,160
rape,160
mavis,160
milford,160
carlotta,160
orna,160
capuchin,160
carolyn,160
charlene,160
guitars,160
participants,160
cost,160
puny,160
quintana,160
farms,159
2018,159
coda,159
hurt,159
struggle,159
ac,159
bel,159
ground,159
cell,159
communist,159
europe,159
canto,159
actual,159
musician,159
gault,159
philippe,158
tijuana,158
euphoria,158
manufacturing,158
separation,158
immigrants,158
frame,158
parton,158
blomkamp,158
blackkklansman,158
animatronics,158
zenovich,158
magazine,158
bangladesh,158
limp,158
kirsten,158
donahue,157
mccormack,157
environmental,157
pili,157
colm,157
rage,157
13,157
notice,157
begonia,156
snatch,156
garai,156
rating,156
godmothered,156
calf,156
credits,156
lie,156
afterlife,156
kyra,156
carnival,156
lunana,156
mari,156
axe,156
mainstream,156
aida,156
shounen,156
delivery,156
70s,156
latvian,156
goldwyn,156
marketing,156
taika,156
kiersey,156
stills,156
gannon,156
byrds,156
militia,156
replicas,156
moving,156
gymnastics,156
unfriended,156
alpha,156
benji,156
intouchables,156
noon,156
aviv,155
bloodstone,155
bernal,155
doe,155
covid19,155
traffik,155
monsoon,155
tel,155
groot,155
possessor,155
ricky,155
peaks,155
kathie,155
banishing,154
levan,154
47,154
darlene,154
di,154
missed,154
nashville,154
please,154
onion,154
jui,154
pin,154
amorth,154
turret,154
count,153
aulii,153
caravan,153
undercover,153
androids,153
mongolian,153
paranza,153
management,153
britt,153
bellocchio,153
aircraft,153
jansson,153
daphne,153
gustav,153
tricks,153
blank,153
chile,153
rapper,153
hans,153
lessons,152
zero,152
melander,152
zimmer,152
taek,152
addie,152
lindo,152
delroy,152
zamperini,152
yae,152
ingvar,152
newfoundland,151
gullestad,151
berman,151
boston,151
kempton,151
chatterley,151
zlatko,151
savannah,151
lilly,151
clifton,151
goddard,151
voight,151
medellin,151
whannell,151
dieu,151
mamet,151
ruined,151
nous,151
gaia,151
marceau,150
souleiman,150
alienoid,150
favour,150
candice,150
howden,150
mitchells,150
pod,150
shots,150
steinem,150
l√≥pez,150
biosphere,150
breakdown,150
24th,150
panama,150
eight,150
illumination,150
wednesday,150
barret,150
flowers,150
sales,150
abortions,150
lean,150
color,150
dominika,150
decision,150
schreiber,150
lohan,150
tobacco,150
yusaku,149
destroyer,149
colour,149
wiggins,149
assayas,149
awards,149
malone,148
1978,148
jets,148
carly,148
moonage,148
briggs,148
mayim,148
daydream,148
totally,148
oprah,148
laia,148
traditions,147
vallejo,147
yuichi,147
judd,147
worryfree,147
economy,147
facebook,147
transfusion,147
remini,147
apostle,146
booth,146
90,146
masonic,146
pen,146
winterbottom,146
capitalism,146
minister,146
kissing,146
trauma,146
guess,145
states,145
moviefilm,145
keating,145
akemi,145
emil,145
nola,145
sergeant,145
graffiti,145
stanhope,145
genevieve,145
lib,145
noyce,145
analeigh,144
mogul,144
muratova,144
abercrombie,144
ayres,144
wide,144
shut,144
goldstone,144
aftershock,144
danner,144
jamey,144
slice,144
synchronic,144
rafo,144
wiazemsky,144
wook,144
seo,144
burnish,144
maccauley,144
countdown,144
seydoux,144
fields,144
uber,144
plantation,144
selick,144
happiness,144
furie,144
cousin,144
kaufman,144
polidori,143
nassar,143
heineman,143
luckily,143
touch,143
wolfgang,143
gunner,143
leena,143
tomas,143
lula,143
kkk,143
dorff,143
brink,143
rise,142
maze,142
fda,142
fitz,142
baruchel,142
beta,142
ani,142
lj,142
kaya,142
ejiofor,142
kowalskis,142
rockefeller,142
tariq,142
dies,141
kiowa,141
silverstone,141
tiny,141
gauguin,141
museo,141
niamh,141
hillary,141
weerasethakul,141
casting,141
carlyle,141
seaside,141
battaglia,140
sergei,140
page,140
letizia,140
sandoval,140
whistling,140
majidi,140
jemaine,140
klemperer,140
colorado,140
isabel,140
survived,140
migrant,140
rain,140
bilott,140
19th,140
constitution,140
heidecker,140
hang,140
turo,140
democrats,140
nypd,140
thanksgiving,140
guitar,140
pac,140
beanie,140
inmate,140
palestine,140
duras,140
garnett,140
biden,140
alert,140
spoiler,140
cech,140
jt,140
breathe,140
hodaka,140
hertz,140
nanau,140
daronne,140
hannelore,140
agnieszka,140
cecil,140
salvatore,140
jaws,140
nesbit,140
waterston,140
wants,140
smoke,140
conservation,140
lianqing,140
mori,140
withdrawal,140
keegan,140
nomadland,140
eit,140
makoto,140
interrogation,140
latino,140
gossett,140
sigmund,140
martinessi,140
mastroianni,140
navy,139
elvira,139
auction,139
panic,139
guatemala,139
jerrod,139
host,139
stock,139
melrose,139
stiles,139
murmansk,139
tippett,138
martel,138
abbasi,138
sator,138
osamu,138
cosmatos,138
carrouges,138
leroy,138
apology,138
javert,138
nurses,138
grade,138
ghostland,138
monsanto,138
switchgrass,138
salander,138
samurai,138
tender,138
imagination,138
craft,138
lip,138
aftersun,138
fennell,138
schwartz,138
spenser,138
finney,138
cover,138
erik,138
samira,138
juan,138
bergoglio,138
rutger,138
matti,138
monstrous,138
skywalker,138
presidential,138
hubie,138
mumolo,137
reincarnated,137
daily,137
hughes,137
summers,137
passionflix,137
hellbender,137
gm,137
vista,137
missy,137
mar,137
w,136
liyana,136
traps,136
estevez,136
junta,136
tenor,136
giffords,136
ante,136
lapkus,136
kip,136
nicola,136
eisch,135
sackville,135
asako,135
adopt,135
filmmaking,135
tito,135
shooter,135
stereotypes,135
qui,135
gavras,135
fazili,135
sitcom,135
pelicans,135
influence,134
joana,134
hummingbird,134
enlist,134
warhol,134
hustle,134
tweets,134
rubber,134
deck,133
homosexuality,133
bam,133
hail,133
scodelario,133
submergence,133
tunes,133
feinstein,133
selah,133
fit,133
disneyland,133
adolescence,133
sumpter,133
sailing,132
rubell,132
shota,132
cox,132
flee,132
heat,132
bias,132
karate,132
random,132
disobedience,132
wim,132
kelsey,132
den,132
levon,132
motel,132
thoughts,132
benediction,132
jj,132
thoroughbreds,132
breivik,132
ambulance,132
choice,132
saimr,132
anxiety,132
resistance,132
revolori,132
went,132
wiest,132
silvio,132
operative,132
feldstein,132
palpatine,132
defection,132
ruffalo,132
loud,132
miniseries,132
stanton,132
kosinski,132
blacklight,132
blinded,132
eliana,132
tadzio,131
darts,131
broken,131
obsession,131
budreau,131
lgbt,131
trials,131
joon,131
regency,131
staff,131
yeahs,131
athie,131
abrams,130
moomins,130
marines,130
bdsm,130
alexandre,130
tamhane,130
tyrnauer,130
strassera,130
agathe,130
holy,130
passion,130
norval,130
kareena,130
irakli,130
miami,130
unbroken,130
laal,130
rousselle,130
loves,130
mahiro,130
ha,130
intelligence,130
erasmus,130
caste,130
prosecutor,130
tickets,130
darkness,130
glover,130
atlantics,130
taxi,130
malik,129
hauer,129
eminem,129
sharlto,129
saddles,129
matter,129
julija,129
sets,129
shed,129
hastings,129
rejon,129
axl,128
laxe,128
anders,128
makwa,128
politicians,128
2000,128
linn,128
luff,128
crowley,128
yuri,128
taupin,128
hartmann,128
spin,128
tautou,128
mmmm,128
shaye,128
fatal,127
devices,127
emmet,127
wenwu,127
indonesia,127
frames,127
frye,127
celia,127
emilie,127
moscow,127
international,127
reprisal,127
titans,127
maine,126
dobrev,126
hinako,126
dashcam,126
overlook,126
secular,126
meegeren,126
wynne,126
shine,126
grabber,126
kirke,126
peck,126
ashleigh,126
postpartum,126
clothing,126
cuthbert,126
riders,126
reminiscence,126
mouse,126
jung,126
jia,126
kylo,126
msangi,126
meek,126
mamma,126
erased,126
dug,126
sandi,126
pigeon,126
corsage,125
211,125
held,125
marlina,125
encounter,125
beautifully,125
sal,125
trish,125
philippines,125
vigil,124
killers,124
strawberry,124
onah,124
secretary,124
audio,124
mansion,124
li,124
bergerac,124
milkshake,124
zhenia,123
kathryn,123
truck,123
looney,123
fortune,123
doctors,123
jogging,123
levitt,123
angry,123
hardin,123
entire,123
whittaker,123
caton,123
thread,122
janes,122
galvan,122
175,122
gods,122
baron,122
superfly,122
marcoses,122
mlb,122
archive,122
clapper,122
sketches,122
comedian,121
blumhouse,121
pakistan,121
mcreadie,121
lgtb,121
lance,121
snl,121
chinatown,121
jolt,121
stamets,121
ptl,121
conversations,120
gene,120
ivanova,120
feminist,120
sculptor,120
knife,120
gottsagen,120
dea,120
marbles,120
vision,120
milligan,120
beaches,120
crampton,120
smit,120
1980,120
pero,120
ariane,120
africatown,120
alexei,120
raheem,120
ferro,120
older,120
rudolf,120
pushkin,120
sollers,120
barker,120
keough,120
meets,120
jun,120
m√°rta,120
marquis,120
darling,120
meme,120
subway,120
srebrenica,120
4chan,120
riotsville,120
jail,120
happening,120
frog,120
brodess,120
hamza,120
fired,120
glory,120
healer,120
gadget,120
potrykus,120
czech,120
challenge,120
godwin,120
compensation,120
meteors,120
apple,120
anil,120
aviad,120
colie,120
accents,120
abu,120
liar,120
remains,120
climbers,120
jevon,120
spoor,120
competition,120
beyonce,120
forget,120
uwais,120
wells,120
zan,120
valet,120
heike,120
lamant,120
kabwita,120
bars,120
shoemaker,120
deutschland,120
bye,120
proud,120
macdonald,120
nakba,120
tsang,120
harari,120
acin,120
nightmares,120
macaluso,120
diving,120
genov√©s,120
stuber,120
whining,120
dominique,120
residue,120
gould,120
rashad,120
assad,120
akhtar,120
torrance,120
reclamation,120
suk,120
laundromat,120
blecher,120
murchison,120
y,120
forces,120
yogi,120
retrograde,120
piggy,120
hua,120
goh,120
siew,120
volcano,120
lapa,120
divine,120
pak,120
worry,120
golja,120
stillwater,120
nights,120
bosnian,120
portuguese,120
burgers,120
material,120
tge,120
nostalgic,120
bend,119
finds,119
samberg,119
midnighters,119
takahashi,119
papi,119
sink,119
silk,119
camps,119
wayne,119
mongolia,119
chulo,119
rokeach,118
mclaughlin,118
helicopter,118
toulon,118
triet,118
tolontan,118
janitor,118
dublin,118
odeya,118
parts,118
put,118
locker,117
hinds,117
bergholm,117
warrior,117
pippa,117
laughs,117
tadek,117
daldry,117
365,117
gallner,117
joshua,117
joll,117
quebec,117
strikes,117
magistrates,117
gunpowder,117
greyhound,117
leaving,117
mcneely,117
bridgerton,117
seedy,117
tax,117
oak,117
gifford,116
bettis,116
grammer,116
finally,116
moland,116
phillips,116
emory,116
learn,116
scandalous,116
wishaw,116
ayer,115
hepburn,115
dermot,115
sold,115
response,115
lowlife,115
google,115
bruised,115
brutality,115
windsor,115
brundish,115
opportunity,114
pimp,114
raymond,114
wardle,114
clade,114
indonesian,114
beavis,114
dima,114
rocket,114
bland,114
mulroney,114
ward,114
landry,114
alley,114
chadha,114
contractor,114
markus,114
ponoc,114
manhattan,114
kenya,114
tribe,114
chlo√´,114
deafness,114
coal,114
outpost,114
april,114
ambrose,114
nightmare,114
office,114
cure,114
stepmother,113
r,113
choi,113
hop,113
facts,113
captive,113
hip,113
olympic,113
jacobson,113
sommelier,113
interpol,113
keri,113
peaches,113
nels,112
horn,112
hardart,112
relate,112
cristi,112
contemporary,112
coffee,112
security,112
mendelsohn,112
fund,112
carola,112
honore,112
courtney,112
whitehall,112
antebellum,112
commission,112
birthday,112
minato,112
grande,112
huey,112
georgetown,111
pickle,111
matvey,111
puiu,111
norton,111
michalik,111
meaning,111
segal,111
privacy,111
carpenter,111
coppola,111
20,111
shum,111
dealer,111
stefania,111
unforgiven,111
schrager,110
puch,110
1985,110
dictatorship,110
julio,110
beyonc√©,110
tchaikovsky,110
hulu,110
metalhead,110
tst,110
apted,110
colonial,110
nia,110
guests,110
castle,110
dormer,110
behavior,110
yelchin,110
barnard,110
submission,110
suspicion,110
curious,110
morgen,109
greek,109
huffman,109
sanderson,109
revue,109
jose,109
taissa,109
viktor,109
jianqing,109
stine,108
shiro,108
sweetheart,108
moratto,108
biggest,108
major,108
sono,108
giger,108
colum,108
cuaron,108
amorin,108
iko,108
calum,108
obannon,108
counter,108
setsuko,108
ripley,108
brutal,108
rylee,108
despicable,108
hamnet,108
cher,108
bronze,108
olmos,108
measures,108
goldie,108
active,108
mcgrath,108
extra,108
pieces,108
trespassers,108
exorcist,108
radha,108
truckers,108
senpai,108
cha,108
pretoria,108
bigbug,108
alves,108
launch,108
kateab,108
vicious,108
ealy,108
kristian,108
naruto,108
bosie,108
nominated,108
teenage,108
shirkers,108
mh,108
lapse,107
thinking,107
rodney,107
unforgivable,107
rushbrook,107
gadot,107
calls,106
mushroom,106
mullen,106
syfy,106
feminism,106
suzanne,106
wasp,106
nyles,106
pleasure,106
hood,106
subsequent,106
jury,105
malawi,105
hadaway,105
mcmullin,105
2019,105
records,105
goya,105
known,105
piller,105
ryohei,105
barber,105
sundance,105
environment,105
parole,105
stealing,105
cw,105
halld√≥ra,105
amirpour,105
spirits,105
gareth,105
nixon,104
yann,104
met,104
order,104
carlton,104
kaley,104
rental,104
dyer,104
jobrani,104
jacobs,104
koechner,104
aiden,104
natalia,104
shlesinger,104
hear,104
pio,103
mandibles,103
sas,103
yan,103
blond,103
athlete,103
chaitanya,103
fuqua,103
reinhart,103
alina,103
guest,103
1993,103
marty,102
otis,102
uprising,102
kore,102
oppy,102
tracy,102
poems,102
egon,102
beat,102
silva,102
banker,102
lang,102
mumbai,102
ilo,102
akeem,102
population,102
tattoo,102
overgard,102
eda,102
nazis,102
mean,102
purest,102
babies,102
ash,102
wear,102
southampton,102
plant,102
yates,102
walker,102
liberal,102
falcon,102
lawther,102
radhika,102
bum,102
franciosi,102
coraline,102
matthew,102
killua,102
communism,102
locked,102
npc,102
castro,102
1990,102
grainger,101
kyle,101
elevator,101
amazon,101
dehart,101
lienching,100
vancouver,100
ronen,100
kamala,100
remember,100
healthcare,100
remembers,100
deguzman,100
jimenez,100
aila,100
stellie,100
rembrandt,100
bikers,100
subjects,100
lynch,100
myanmar,100
mina,100
channel,100
efira,100
darin,100
ricardo,100
tsidi,100
madam,100
compelling,100
biography,100
robledo,100
ganz,100
bruno,100
talented,100
basquiat,100
bisan,100
chiara,100
69,100
vikram,100
negotiation,100
riot,100
unrest,100
mononoke,100
deep,100
crush,100
former,100
una,100
pel√≠cula,100
albert,100
intimate,100
gypsies,100
bleibtreu,100
lennon,100
eagle,100
claw,100
preparations,100
landscape,100
hilma,100
2027,100
debate,100
robson,100
blackmailed,100
favorite,100
fabulous,100
pictures,100
attanasio,100
given,100
scarred,100
michal,100
harassment,100
build,100
dagg,100
vaccine,100
lanzmann,100
bermann,100
amoo,100
einmal,100
en,100
hollyn,100
serebrennikov,100
arab,100
region,100
recorder,100
luisa,100
passed,100
labyrinth,100
crooked,100
khat,100
directing,100
descendants,100
deeply,100
huezo,100
democrat,100
bible,100
dante,100
nasielsk,100
docu,100
metheny,100
hung,100
rainy,99
1982,99
view,99
shawkat,99
auschwitz,99
perico,99
kwanten,99
pj,99
arcati,99
instant,99
dumont,99
died,99
jumpers,98
zelda,98
explosions,98
swift,98
claustrophobic,98
yorkshire,98
arabic,98
gervais,98
falls,98
servillo,98
kings,98
charm,98
cuda,98
quantum,98
concrete,98
everest,98
1945,98
springs,98
reindeer,98
brae,98
gothic,97
hocus,97
gal,97
cuba,97
kappel,97
hiv,97
pocus,97
robotic,97
matangi,96
caused,96
peanut,96
bosch,96
zeros,96
retirement,96
andres,96
machines,96
louisiana,96
tao,96
l√©onard,96
miserables,96
blythe,96
loro,96
rasoulof,96
penkovsky,96
shannan,96
grumpy,96
youcef,96
otome,96
nurture,96
penalty,96
phylicia,96
leonardo,96
varela,96
stowaway,96
lawyers,96
negga,96
dunham,96
sentence,96
genius,96
cheesy,96
haynes,96
essie,96
bono,96
miseducation,96
origins,96
mebh,96
panda,96
marge,96
galadriel,96
various,95
syrian,95
nocturne,95
mott,95
mckenna,95
clay,95
happen,95
certainly,95
photographer,94
jeanne,94
narcos,94
views,94
apte,94
hyde,94
survive,94
vadim,94
extinction,94
recently,94
confess,94
cartol,94
agency,94
clarence,94
kazakhstan,94
mouthful,94
obsessive,94
catch,93
dever,93
clovehitch,93
rolling,93
humour,93
armageddon,93
ruizpalacios,93
mgk,93
tau,93
korine,93
westheimer,93
addicts,93
artigas,93
sylwia,93
saeed,92
ahead,92
355,92
waterhouse,92
palm,92
medora,92
nudity,92
trenches,92
rams,92
radio,92
femke,91
deboer,91
zyrick,91
nicchiarelli,91
mercenary,91
manny,91
artificial,91
blanco,91
probably,91
luebbe,91
carruth,90
paps,90
bartender,90
written,90
fabric,90
alfonso,90
killerman,90
7500,90
aisling,90
carlisle,90
17,90
siblings,90
midler,90
archenemy,90
pogues,90
macgowan,90
pachner,90
mouaness,90
amador,90
sant,90
merrimen,90
reserve,90
samantha,90
lottery,90
ram√≥n,90
forrester,90
naomie,90
claude,90
balk,90
2u,90
wet,90
ciambra,90
diehl,90
symbol,90
prior,90
burger,90
smile,90
nordsj√∏en,90
flies,90
binoche,90
jk,90
tears,90
diwan,90
ashley,90
sola,90
bette,90
duck,90
fairuza,90
juno,89
billingham,89
dragged,89
jordanian,89
besson,89
arizona,89
infertility,89
alia,89
deportation,89
bigger,89
apeth,88
acted,88
mass,88
pretentious,88
caravaggio,88
falco,88
disturbing,88
magdalena,88
center,88
oakley,88
eugenio,88
galicia,88
spades,88
wake,88
newbury,88
kendall,87
geirhar√∞sd√≥ttir,87
chechen,87
porumboiu,87
arturs,87
deportees,87
guard,87
coupons,87
wounds,87
naval,87
partner,86
balinska,86
caribbean,86
volf,86
majid,86
khabar,85
handmaid,85
luka,85
baku,85
adventures,85
monarchs,85
wolfboy,85
radner,85
latvia,85
aldis,85
nicholson,85
diplomats,85
tanja,84
uglydolls,84
scientist,84
iw,84
sprouse,84
paulina,84
atheists,84
burnham,84
tomer,84
corpses,84
nightingale,84
dolezal,84
sharkwater,84
crackle,84
85,84
jemima,84
rovers,84
nolte,84
yakov,84
kaiju,84
sesame,84
mamoudou,84
yauch,84
eur√≠dice,84
survivors,84
cirk,84
novice,84
starling,84
marks,84
quo,84
shepherd,84
full,84
cornish,84
scholarship,84
76,83
wheatley,83
eunhee,83
ivf,83
reveal,83
kreuk,82
hooper,82
topic,82
zachary,82
darren,82
waters,82
frequency,82
bullied,82
districts,82
dealers,81
pecker,81
demi,81
nils,81
cousteau,81
arjie,81
con,81
schnapp,81
gays,81
rides,81
endlessness,81
haenel,81
3d,80
makala,80
rao,80
murina,80
background,80
miyazaki,80
paramount,80
birkin,80
hayao,80
indians,80
sequence,80
unpregnant,80
cattle,80
üå†,80
euthanizer,80
merce,80
assol,80
djemila,80
abdullina,80
minyan,80
materna,80
rozvadow,80
walking,80
guzman,80
monde,80
haas,80
maai,80
theatre,80
lengthening,80
lens,80
check,80
2010,80
goal,80
practice,80
fluffy,80
carloto,80
fallible,80
beau,80
influencer,80
styrene,80
caretaker,80
palermo,80
beverly,80
maika,80
christophe,80
honor√©,80
garros,80
havana,80
baseline,80
damian,80
claudel,80
shula,80
paced,80
matin,80
gadgets,80
cotta,80
giraffe,80
breakup,80
everlasting,80
yago,80
giovana,80
yitzhak,80
sons,80
alt,80
detail,80
2nd,80
sarajevo,80
herzegovina,80
nomads,80
cyprus,80
unlovable,80
inspiring,80
chernick,80
particular,80
kitten,80
freestyle,80
traue,80
tevye,80
ferragamo,80
excelente,80
possibly,80
schindler,80
subtitles,80
facility,80
sacha,80
ronaldo,80
vaquita,79
dolphin,79
beethoven,79
unrealistic,79
gardens,79
vernon,79
marlon,79
fern,79
josephine,78
manganiello,78
moxy,78
socialism,78
siev,78
rover,78
bettermans,78
connolly,78
gambino,78
yacht,78
planned,78
nasa,78
vinci,78
step,78
extended,78
ilana,78
morally,78
deena,78
marisol,78
fester,78
vu,78
crane,78
pranks,78
pregnancy,78
vadis,78
tang,78
kingmaker,78
imax,78
robbers,78
sanders,78
oppenheim,78
permission,78
ling,78
comer,78
haigh,78
enitan,78
ninidze,78
thames,78
callie,78
mcgraw,78
middleton,77
diamonds,77
cathy,77
experimental,77
hercule,77
desmond,77
disappearance,77
kindness,77
kaitlyn,77
hilton,77
dardenne,77
milioti,77
proxima,77
carre,77
rahimi,76
follows,76
camila,76
plan,76
tramp,76
artistic,76
feeling,76
drivers,76
mincemeat,76
forced,76
moran,76
spoof,75
fehling,75
devito,75
t,75
stadium,75
mbatha,75
species,75
philosophical,75
carr,75
prostitutes,75
noa,74
able,74
limestone,74
likely,74
nyoni,74
56000,74
bernthal,74
ewing,73
nathalie,73
mentor,73
traveler,73
toukhy,73
summerland,73
cuoco,72
francesca,72
voters,72
spaghetti,72
emilio,72
allure,72
freak,72
sweets,72
canister,72
creator,72
sosie,72
tyrese,72
nadine,72
1970,72
hickey,72
butthead,72
cattet,72
yak,72
peretti,72
jupe,72
blonde,72
forzani,72
lords,72
dominik,72
sharma,72
jrr,72
derbez,72
hoult,72
fist,72
recovery,72
sion,72
standoff,72
sabaya,72
whitbread,72
sputnik,72
eddy,72
townspeople,72
leisure,72
lefebvre,72
endings,72
fatale,72
asta,72
finley,72
cardinal,72
rapman,72
ekwa,72
schmeiser,72
graphic,72
parenthood,72
snowball,72
raleigh,72
snipes,72
thunberg,72
johan,72
youtube,72
duprat,72
jill,72
distance,72
flag,72
convoluted,72
bialik,71
turns,71
suburbia,71
cheadle,71
catrinel,71
cristin,71
firm,70
motti,70
headquarters,70
ah,70
winocour,70
spent,70
dane,70
pet,70
image,70
cockpit,70
michigan,70
salim,70
liked,70
jadin,70
jesmark,70
hijacking,70
modak,70
grandparents,69
brighton,69
frontier,69
chernobyl,69
glitch,69
rodents,69
heder,69
dewey,69
note,69
kelo,68
fingers,68
ups,68
nyc,68
p√∂ysti,68
nutria,68
create,68
morra,68
spinning,68
tracee,68
novels,68
rafiki,68
yayoi,67
enforcer,67
laughed,67
parkersburg,67
brake,67
ranger,67
transfer,67
innocence,66
elon,66
heaven,66
braven,66
erana,66
release,66
guillermo,66
hausner,66
roundtree,66
uphaar,66
poole,66
ritual,66
cj,66
walk,66
protests,66
harmony,66
hader,66
labute,66
hobbit,66
breakthrough,66
sentencing,66
trejo,66
aoc,66
adrien,66
washing,66
seeker,66
obrien,66
farrelly,66
poisoning,66
klein,66
imogen,66
siobhan,66
seeds,66
ww2,66
barbie,66
mime,66
zagar,66
damascus,66
goose,66
poots,66
remote,66
ncaa,66
ocelots,66
wildcat,66
malignant,66
defense,66
dorji,66
priests,66
avery,66
introduction,66
nightclub,66
nero,66
intellectual,66
caan,66
publisher,66
s√°nchez,65
valadez,65
benedicta,65
creek,65
rust,65
decided,65
nostalgia,65
tells,65
dronningen,65
gillian,64
mess,64
kiwi,64
fisk,64
zenia,64
dentist,64
central,64
wrestler,64
kahn,64
lenz,64
patterson,64
waitress,64
pintilie,64
dashcams,64
payne,64
surgery,63
beard,63
barnaby,63
support,63
moxie,63
bizarre,63
gomera,63
kj,63
wanting,63
mescal,63
mare,63
fine,63
fuel,63
ponyo,63
momo,62
ulrich,62
creeper,62
soto,62
kgb,62
viewers,62
dustin,62
magical,62
mcmahon,62
compilation,61
core,61
denise,61
morrone,61
dorman,61
abraham,61
monica,61
crawford,60
machoian,60
detention,60
worried,60
innis,60
wanders,60
drinks,60
wrote,60
quarantine,60
hera,60
beba,60
solar,60
existential,60
pvt,60
kwon,60
pulsating,60
individuals,60
dreamers,60
whitewash,60
began,60
carrying,60
chilean,60
koreans,60
bertino,60
munoz,60
waldo,60
driving,60
recognition,60
charming,60
bowl,60
programmers,60
spread,60
dugan,60
idaho,60
gaitan,60
shawna,60
spex,60
sadly,60
üò†,60
settings,60
leader,60
ebersole,60
maxime,60
ring,60
development,60
glorias,60
crops,60
roll,60
conny,60
lindon,60
redemption,60
mix,60
walks,60
bicycle,60
loser,60
bravo,60
lankan,60
surreal,60
storytelling,60
glenn,60
obviously,60
principles,60
pink,60
archival,60
liron,60
asperger,60
ke,60
xi,60
sell,60
appearance,60
appreciate,60
isla,60
helmut,60
derrick,60
asking,60
atlanta,60
armie,60
bruckman,60
steel,60
levine,60
loads,60
later,60
yardie,60
river,60
theatrical,60
interviewed,60
profit,60
total,60
occupied,60
performers,60
benjamin,60
enforcement,60
invention,60
speeches,60
a,60
presented,60
crown,60
als,60
cause,60
pawn,60
rubin,60
nivola,60
3rd,60
1st,60
chorus,60
admire,60
garris,60
rourke,60
remarkable,60
wharton,60
piano,60
activism,60
80ies,60
rohmer,60
spacex,60
colleges,60
rivette,60
status,60
2015,60
examples,60
months,60
niv,60
psa,60
mandalay,60
faya,60
figure,60
talley,60
rule,60
meeting,60
travels,60
dayi,60
photographic,60
plus,60
nikuko,60
showing,60
kikuko,60
stacy,60
investigation,60
rye,60
rar,60
podcast,60
ham,60
sensei,60
won,60
shelton,60
teachers,60
shira,60
usher,60
changed,60
malta,60
entitled,60
couture,60
siberia,60
date,60
reason,60
drawn,59
kitsch,59
viewer,59
concepts,59
thewlis,59
levy,59
mundi,59
madison,59
hoover,59
scrabble,58
prows,58
greener,58
setting,58
rhythm,58
camino,57
reygadas,57
trocker,57
bryon,57
khashoggi,57
lucrecia,57
lyrics,57
antoinette,57
highly,57
poachers,56
poms,56
hypocrisy,56
ramell,56
cravalho,56
cheerleading,56
imam,56
structure,56
bus,56
cincinnati,56
rungano,56
republicans,56
depressing,56
lindy,56
ivanov,55
jade,55
unusual,55
ngoy,55
antonia,55
aspern,55
salvator,55
biased,55
gangs,54
university,54
multiple,54
tzod,54
spine,54
scoob,54
wait,54
ethnic,54
sinhalese,54
misbehaviour,54
cortez,54
gaffigan,54
confidential,54
extremely,54
pan,54
ugyen,54
algorithms,54
facial,54
taymor,54
higgins,54
bass,54
nissim,54
wicked,54
zbanic,54
cadi,54
worthington,54
wissam,54
salles,54
21,54
damson,54
hamster,54
hosea,54
snider,54
paxton,54
iguana,54
massage,54
forty,54
rookie,54
meaningful,53
randall,53
heartbreaking,53
jocelyn,53
manhunt,53
tahiti,53
liusaidh,53
aristotle,53
tradition,52
kroll,52
olympics,52
kiarostami,52
estranged,52
onassis,52
vhyes,52
douglas,52
ask,52
fighter,52
dabula,52
tenoch,51
monarch,51
basically,51
gilles,51
swaziland,51
orphaned,51
rashida,51
huerta,51
potential,50
gagarine,50
beneath,50
murdered,50
herschel,50
ziki,50
sort,50
rosi,50
mathilda,50
malin,50
‚Äî,50
brings,50
islam,49
willa,49
spiro,49
disabled,49
tabloid,49
metz,48
soon,48
lithuania,48
cambodian,48
design,48
clayne,48
fraud,48
cardona,48
no√´lle,48
looks,48
moseley,48
jacko,48
bb,48
malgorzata,48
mirvish,48
skinhead,48
jasna,48
danes,48
larrain,48
morena,48
malmkrog,48
egoyan,48
condor,48
gives,48
curtin,48
basilone,48
origin,48
destination,48
liberation,48
prank,48
released,48
bard,47
clients,47
adina,47
masseur,47
mchattie,47
burke,47
rare,47
fascinating,47
jersey,47
cline,46
romani,46
marseilles,46
cooney,46
cannon,46
warm,45
oualid,45
nome,45
chao,45
coup,45
isolation,45
kingstown,44
antiquarian,44
sale,44
kena,44
cordelia,44
antosha,44
tudor,44
kenyan,44
custody,44
unnecessary,44
suge,43
sabine,43
blues,43
reis,43
robb,43
timoteo,43
incident,43
ronny,43
wheeler,43
follow,43
bladders,43
accurate,43
kameny,42
banned,42
vint,42
hallie,42
hillbilly,42
kremlin,42
skylan,42
holidays,42
successful,42
software,42
killing,42
independent,42
fargo,42
dissident,42
adewale,42
1960s,42
wah,42
pappas,42
intense,42
enlightening,42
opposition,42
cassel,42
rogan,41
donor,41
laws,41
chevillotte,41
ceramics,41
shocking,41
sweat,41
booksellers,41
papers,41
quarter,40
spite,40
mythical,40
incredibly,40
israelis,40
yiv,40
alena,40
oona,40
mahdavian,40
houseboat,40
landscapes,40
herding,40
zionists,40
severe,40
unorthodox,40
appreciated,40
advocate,40
elmbt,40
duverdier,40
co,40
infamous,40
meetings,40
twenty,40
concerns,40
providing,40
vika,40
michel,40
luzzu,40
divulge,40
despair,40
longley,40
clash,40
closing,40
huge,40
kolesnik,40
aspects,40
costume,40
carried,40
humanity,40
2d,40
connors,40
pompo,40
trees,40
received,40
westwood,40
vivienne,40
shaped,40
yearning,40
quality,40
dive,40
enter,40
expression,40
utgoff,40
present,40
pains,40
growing,40
exploring,40
subtle,40
blown,40
circumstances,40
treatment,40
diaspora,40
bring,40
schiffer,40
recent,40
rossellini,40
doris,40
animator,40
wintour,40
feed,40
visually,40
forgiveness,40
moral,40
closer,40
possible,40
earlier,40
hao,40
dry,40
streaming,40
millennial,40
display,40
afloat,40
large,40
colonialism,40
tequila,40
gonzalez,40
form,40
isabella,40
rituals,40
partly,40
mellow,40
lesotho,40
head,40
poetic,40
progress,40
knowledge,40
ancient,40
afro,40
standup,40
reflects,40
yea,40
heavily,40
leone,40
crab,40
temporary,40
bako,40
gifts,40
amour,40
kris,40
producers,40
initially,40
communities,40
activists,40
provocative,40
coaching,40
method,40
eastern,40
deals,40
themes,40
portraits,40
works,40
usually,40
pianist,40
rated,40
proper,40
leaves,40
rumours,40
rembrandts,40
rampling,40
mins,40
crafting,40
adria,40
eureka,40
tolerant,40
largely,40
recommended,40
credible,40
originally,40
impressed,40
thinks,40
rus,40
hahaha,40
insecure,40
stuck,40
collage,40
musicians,40
sudan,39
leaks,39
encounters,39
scherfig,39
nude,39
xy,39
herbers,39
monotone,39
extinct,39
fully,38
youmans,38
jaclyn,38
porter,38
choreography,38
tehura,38
premiere,37
transmissions,37
c√©vennes,37
columnist,36
tullock,36
rhodes,36
marin,36
fleabag,36
üòÇ,36
74,36
madden,36
1974,36
ibiza,36
susette,36
agbaje,36
experts,36
yugoslavia,36
terrible,36
wrench,36
foreign,36
nikola,36
josiah,36
marco,36
moura,36
hol,36
kiefer,36
olin,35
fogel,35
mattachine,35
hiking,35
hala,35
temblores,35
grear,35
45,35
comments,35
brought,35
abused,35
cool,34
kaylee,34
decade,34
pun,34
comrades,34
relatable,34
intended,34
abbas,34
nose,34
collecting,34
casino,33
menkes,33
medusa,33
morten,33
boxer,32
nariman,32
dialogues,32
communication,32
katja,32
rpm,32
nets,32
sugar,32
seize,31
california,31
shops,31
organized,30
homeroom,30
degree,30
saudia,30
mossadegh,30
qualified,30
stood,30
speak,30
context,30
fernanda,30
tena,30
ways,30
measure,30
explore,30
tik,30
addison,30
fincham,30
answers,30
amalia,30
knock,30
oakland,30
failing,30
hockey,29
atom,29
interestingly,28
kasie,28
serra,28
voyage,28
ivory,28
sides,28
write,28
rous,28
jen,27
returning,27
wikileaks,27
sudanese,27
utt,27
lavender,27
cliches,27
sober,27
speech,26
jafari,26
culinary,26
puck,26
collector,25
schwarz,25
natural,25
pacing,25
features,25
identifying,25
herd,24
facilitator,24
boot,24
joao,24
amateur,24
muzamil,24
meals,24
teresa,24
rissi,24
lived,24
harsh,24
solomon,24
bookstores,24
kelsa,24
kali,23
points,23
orla,23
jalilvand,23
vahid,23
cocteau,23
sonoma,23
lyuda,23
navid,22
aisles,22
calamy,22
piper,22
homosexual,21
ulman,21
determination,21
capote,21
beales,21
radziwill,21
stonewall,21
chape,20
affect,20
filming,20
speechless,20
greatest,20
warmly,20
taught,20
scope,20
nossa,20
grasp,20
fieldfootage,20
exposes,20
complex,20
lear,20
gloomy,20
locations,20
begins,20
interested,20
festivalmija,20
amount,20
treat,20
republic,20
connection,20
vignettes,20
dominican,20
mu√±oz,20
maker,20
congratulations,20
artwork,20
connected,20
aural,20
locarno,20
slightly,20
highlights,20
blowing,20
stay,20
entrancing,20
allusion,20
jumbled,20
docoespecially,20
specifically,20
rejects,20
type,20
skits,20
convey,20
obnoxious,20
verge,20
disorienting,20
ghent,20
filmfestivalbeen,20
grounds,20
exploiting,20
closeups,20
tiff,20
stunning,20
kazik,20
collaboration,20
laid,20
cinematic,20
ukif,20
traylor,20
acclaimed,20
mariusz,20
poorly,20
parallel,20
irreverent,20
behave,20
dynamic,20
offers,20
lorain,20
striking,20
innovative,20
welcomes,20
coherent,20
3000,20
allows,20
compared,20
encased,20
2022,20
sarcasms,20
discovery,20
danger,20
discover,20
melbourne,20
fancy,20
nbc,20
protagonists,20
losing,20
consciousness,20
mosese,20
patchwork,20
looked,20
funding,20
kabul,20
spoofing,20
adorable,20
gripping,20
enchanting,20
euros,20
fifteen,20
dollars,20
intel,20
add,20
westsideschl,20
bustle,20
nye,20
amid,20
inspirational,20
sided,20
excited,20
blocked,20
mainly,20
tragic,20
scraps,20
curated,20
feelings,20
concerning,20
composed,20
followed,20
stingily,20
infiltrators,20
phones,20
melancholic,20
grateful,20
clich√©s,20
council,20
reveals,20
awesome,20
gathering,20
strung,20
tremendous,20
carefully,20
carroll,20
risk,20
worries,20
sol√°,19
1962,19
needs,19
raped,19
personality,18
kaveh,18
weixler,18
inspector,18
nhl,18
crowd,17
brainwashed,17
lerman,16
supermarket,16
mar√≠a,16
gij√≥n,16
gallagher,16
chu,16
earn,15
apt,15
hoop,15
rothbart,15
jess,15
edited,15
comparisons,15
masterfully,15
kurth,15
asks,15
blocks,15
happenthe,15
aside,15
question,15
akilla,15
suggested,15
joynt,15
planeta,15
pineapple,14
garbus,14
reenactments,14
logan,14
sharp,13
krisha,13
garbage,13
chakra,13
yasgur,13
shanghai,13
karaoke,13
libert√©,13
jafar,13
orgy,12
stick,12
tribute,12
chained,12
loan,12
amazingly,12
superstition,12
h√ºller,12
failed,12
loaf,12
handheld,11
supposedly,10
casts,10
provides,10
exploration,10
involving,10
invariably,10
occurring,10
wing,10
slap,10
return,10
classism,10
repression,10
ladies,10
preparing,10
changes,10
fodder,10
insightful,10
sacred,10
teaching,10
revered,10
lampooning,10
60,10
track,10
rosenthal,9
26,9
belly,9
challenges,9
fairchild,9
buddha,8
pot,8
cannabis,8
carbage,8
chonies,8
classics,7
allegations,7
qaeda,7
leopard,7
burgundy,7
casta,6
suze,6
1950s,6
michelin,6
statue,6
stuff,6
dish,5
mal,5
ojo,5
laughing,5
buoyancy,4
klapisch,4
joking,4
practical,4
comment,4
artsy,4
guilty,4
produced,4
environments,4
receiving,4
laetitia,4
agree,4
tibet,4
14,3
